,datetime,Saison,Problème,durée_DepuisVac,durée_AvantVac
0,2011-01-03,1,False,1,54
1,2011-01-04,1,False,2,53
2,2011-01-06,1,False,4,51
3,2011-01-07,1,False,5,50
4,2011-01-10,1,False,8,47
5,2011-01-11,1,False,9,46
6,2011-01-13,1,False,11,44
7,2011-01-14,1,False,12,43
8,2011-01-17,1,False,15,40
9,2011-01-18,1,False,16,39
10,2011-01-20,1,False,18,37
11,2011-01-21,1,False,19,36
12,2011-01-24,1,False,22,33
13,2011-01-25,1,False,23,32
14,2011-01-27,1,False,25,30
15,2011-01-28,1,False,26,29
16,2011-01-31,1,False,29,26
17,2011-02-01,1,False,30,25
18,2011-02-03,1,False,32,23
19,2011-02-04,1,False,33,22
20,2011-02-07,1,False,36,19
21,2011-02-08,1,False,37,18
22,2011-02-10,1,False,39,16
23,2011-02-11,1,False,40,15
24,2011-02-14,1,False,43,12
25,2011-02-15,1,False,44,11
26,2011-02-17,1,False,46,9
27,2011-02-18,1,False,47,8
28,2011-02-21,1,False,50,5
29,2011-02-22,1,False,51,4
30,2011-02-24,1,False,53,2
31,2011-02-25,1,False,54,1
32,2011-03-14,2,False,1,40
33,2011-03-15,2,False,2,39
34,2011-03-17,2,False,4,37
35,2011-03-18,2,False,5,36
36,2011-03-21,2,False,8,33
37,2011-03-22,2,False,9,32
38,2011-03-24,2,False,11,30
39,2011-03-25,2,False,12,29
40,2011-03-28,2,False,15,26
41,2011-03-29,2,False,16,25
42,2011-03-31,2,False,18,23
43,2011-04-01,2,False,19,22
44,2011-04-04,2,False,22,19
45,2011-04-05,2,False,23,18
46,2011-04-07,2,False,25,16
47,2011-04-08,2,False,26,15
48,2011-04-11,2,False,29,12
49,2011-04-12,2,False,30,11
50,2011-04-14,2,False,32,9
51,2011-04-15,2,False,33,8
52,2011-04-18,2,False,36,5
53,2011-04-19,2,False,37,4
54,2011-04-21,2,False,39,2
55,2011-04-22,2,False,40,1
56,2011-05-02,2,True,50,-9
57,2011-05-03,2,True,51,-10
58,2011-05-05,2,True,53,-12
59,2011-05-06,2,True,54,-13
60,2011-05-09,3,False,1,54
61,2011-05-10,3,False,2,53
62,2011-05-12,3,False,4,51
63,2011-05-13,3,False,5,50
64,2011-05-16,3,False,8,47
65,2011-05-17,3,False,9,46
66,2011-05-19,3,False,11,44
67,2011-05-20,3,False,12,43
68,2011-05-23,3,False,15,40
69,2011-05-24,3,False,16,39
70,2011-05-26,3,False,18,37
71,2011-05-27,3,False,19,36
72,2011-05-30,3,False,22,33
73,2011-05-31,3,False,23,32
74,2011-06-01,3,False,24,31
75,2011-06-06,3,False,29,26
76,2011-06-07,3,False,30,25
77,2011-06-09,3,False,32,23
78,2011-06-10,3,False,33,22
79,2011-06-13,3,False,36,19
80,2011-06-14,3,False,37,18
81,2011-06-16,3,False,39,16
82,2011-06-17,3,False,40,15
83,2011-06-20,3,False,43,12
84,2011-06-21,3,False,44,11
85,2011-06-23,3,False,46,9
86,2011-06-24,3,False,47,8
87,2011-06-27,3,False,50,5
88,2011-06-28,3,False,51,4
89,2011-06-30,3,False,53,2
90,2011-07-01,3,False,54,1
91,2011-09-05,4,False,1,47
92,2011-09-06,4,False,2,46
93,2011-09-08,4,False,4,44
94,2011-09-09,4,False,5,43
95,2011-09-12,4,False,8,40
96,2011-09-13,4,False,9,39
97,2011-09-15,4,False,11,37
98,2011-09-16,4,False,12,36
99,2011-09-19,4,False,15,33
100,2011-09-20,4,False,16,32
101,2011-09-22,4,False,18,30
102,2011-09-23,4,False,19,29
103,2011-09-26,4,False,22,26
104,2011-09-27,4,False,23,25
105,2011-09-29,4,False,25,23
106,2011-09-30,4,False,26,22
107,2011-10-03,4,False,29,19
108,2011-10-04,4,False,30,18
109,2011-10-06,4,False,32,16
110,2011-10-07,4,False,33,15
111,2011-10-10,4,False,36,12
112,2011-10-11,4,False,37,11
113,2011-10-13,4,False,39,9
114,2011-10-14,4,False,40,8
115,2011-10-17,4,False,43,5
116,2011-10-18,4,False,44,4
117,2011-10-20,4,False,46,2
118,2011-10-21,4,False,47,1
119,2011-11-03,5,False,1,44
120,2011-11-04,5,False,2,43
121,2011-11-07,5,False,5,40
122,2011-11-08,5,False,6,39
123,2011-11-10,5,False,8,37
124,2011-11-14,5,False,12,33
125,2011-11-15,5,False,13,32
126,2011-11-17,5,False,15,30
127,2011-11-18,5,False,16,29
128,2011-11-21,5,False,19,26
129,2011-11-22,5,False,20,25
130,2011-11-24,5,False,22,23
131,2011-11-25,5,False,23,22
132,2011-11-28,5,False,26,19
133,2011-11-29,5,False,27,18
134,2011-12-01,5,False,29,16
135,2011-12-02,5,False,30,15
136,2011-12-05,5,False,33,12
137,2011-12-06,5,False,34,11
138,2011-12-08,5,False,36,9
139,2011-12-09,5,False,37,8
140,2011-12-12,5,False,40,5
141,2011-12-13,5,False,41,4
142,2011-12-15,5,False,43,2
143,2011-12-16,5,False,44,1
144,2012-01-03,1,False,1,39
145,2012-01-05,1,False,3,37
146,2012-01-06,1,False,4,36
147,2012-01-09,1,False,7,33
148,2012-01-10,1,False,8,32
149,2012-01-12,1,False,10,30
150,2012-01-13,1,False,11,29
151,2012-01-16,1,False,14,26
152,2012-01-17,1,False,15,25
153,2012-01-19,1,False,17,23
154,2012-01-20,1,False,18,22
155,2012-01-23,1,False,21,19
156,2012-01-24,1,False,22,18
157,2012-01-26,1,False,24,16
158,2012-01-27,1,False,25,15
159,2012-01-30,1,False,28,12
160,2012-01-31,1,False,29,11
161,2012-02-02,1,False,31,9
162,2012-02-03,1,False,32,8
163,2012-02-06,1,False,35,5
164,2012-02-07,1,False,36,4
165,2012-02-09,1,False,38,2
166,2012-02-10,1,False,39,1
167,2012-02-27,2,False,1,40
168,2012-02-28,2,False,2,39
169,2012-03-01,2,False,4,37
170,2012-03-02,2,False,5,36
171,2012-03-05,2,False,8,33
172,2012-03-06,2,False,9,32
173,2012-03-08,2,False,11,30
174,2012-03-09,2,False,12,29
175,2012-03-12,2,False,15,26
176,2012-03-13,2,False,16,25
177,2012-03-15,2,False,18,23
178,2012-03-16,2,False,19,22
179,2012-03-19,2,False,22,19
180,2012-03-20,2,False,23,18
181,2012-03-22,2,False,25,16
182,2012-03-23,2,False,26,15
183,2012-03-26,2,False,29,12
184,2012-03-27,2,False,30,11
185,2012-03-29,2,False,32,9
186,2012-03-30,2,False,33,8
187,2012-04-02,2,False,36,5
188,2012-04-03,2,False,37,4
189,2012-04-05,2,False,39,2
190,2012-04-06,2,False,40,1
191,2012-04-23,3,False,1,74
192,2012-04-24,3,False,2,73
193,2012-04-26,3,False,4,71
194,2012-04-27,3,False,5,70
195,2012-04-30,3,False,8,67
196,2012-05-03,3,False,11,64
197,2012-05-04,3,False,12,63
198,2012-05-07,3,False,15,60
199,2012-05-10,3,False,18,57
200,2012-05-11,3,False,19,56
201,2012-05-14,3,False,22,53
202,2012-05-15,3,False,23,52
203,2012-05-16,3,False,24,51
204,2012-05-21,3,False,29,46
205,2012-05-22,3,False,30,45
206,2012-05-24,3,False,32,43
207,2012-05-25,3,False,33,42
208,2012-05-29,3,False,37,38
209,2012-05-31,3,False,39,36
210,2012-06-01,3,False,40,35
211,2012-06-04,3,False,43,32
212,2012-06-05,3,False,44,31
213,2012-06-07,3,False,46,29
214,2012-06-08,3,False,47,28
215,2012-06-11,3,False,50,25
216,2012-06-12,3,False,51,24
217,2012-06-14,3,False,53,22
218,2012-06-15,3,False,54,21
219,2012-06-18,3,False,57,18
220,2012-06-19,3,False,58,17
221,2012-06-21,3,False,60,15
222,2012-06-22,3,False,61,14
223,2012-06-25,3,False,64,11
224,2012-06-26,3,False,65,10
225,2012-06-28,3,False,67,8
226,2012-06-29,3,False,68,7
227,2012-07-02,3,False,71,4
228,2012-07-03,3,False,72,3
229,2012-07-05,3,False,74,1
230,2012-09-04,4,False,1,53
231,2012-09-06,4,False,3,51
232,2012-09-07,4,False,4,50
233,2012-09-10,4,False,7,47
234,2012-09-11,4,False,8,46
235,2012-09-13,4,False,10,44
236,2012-09-14,4,False,11,43
237,2012-09-17,4,False,14,40
238,2012-09-18,4,False,15,39
239,2012-09-20,4,False,17,37
240,2012-09-21,4,False,18,36
241,2012-09-24,4,False,21,33
242,2012-09-25,4,False,22,32
243,2012-09-27,4,False,24,30
244,2012-09-28,4,False,25,29
245,2012-10-01,4,False,28,26
246,2012-10-02,4,False,29,25
247,2012-10-04,4,False,31,23
248,2012-10-05,4,False,32,22
249,2012-10-08,4,False,35,19
250,2012-10-09,4,False,36,18
251,2012-10-11,4,False,38,16
252,2012-10-12,4,False,39,15
253,2012-10-15,4,False,42,12
254,2012-10-16,4,False,43,11
255,2012-10-18,4,False,45,9
256,2012-10-19,4,False,46,8
257,2012-10-22,4,False,49,5
258,2012-10-23,4,False,50,4
259,2012-10-25,4,False,52,2
260,2012-10-26,4,False,53,1
261,2012-11-12,5,False,1,40
262,2012-11-13,5,False,2,39
263,2012-11-15,5,False,4,37
264,2012-11-16,5,False,5,36
265,2012-11-19,5,False,8,33
266,2012-11-20,5,False,9,32
267,2012-11-22,5,False,11,30
268,2012-11-23,5,False,12,29
269,2012-11-26,5,False,15,26
270,2012-11-27,5,False,16,25
271,2012-11-29,5,False,18,23
272,2012-11-30,5,False,19,22
273,2012-12-03,5,False,22,19
274,2012-12-04,5,False,23,18
275,2012-12-06,5,False,25,16
276,2012-12-07,5,False,26,15
277,2012-12-10,5,False,29,12
278,2012-12-11,5,False,30,11
279,2012-12-13,5,False,32,9
280,2012-12-14,5,False,33,8
281,2012-12-17,5,False,36,5
282,2012-12-18,5,False,37,4
283,2012-12-20,5,False,39,2
284,2012-12-21,5,False,40,1
285,2013-01-07,1,False,1,47
286,2013-01-08,1,False,2,46
287,2013-01-10,1,False,4,44
288,2013-01-11,1,False,5,43
289,2013-01-14,1,False,8,40
290,2013-01-15,1,False,9,39
291,2013-01-17,1,False,11,37
292,2013-01-18,1,False,12,36
293,2013-01-21,1,False,15,33
294,2013-01-22,1,False,16,32
295,2013-01-24,1,False,18,30
296,2013-01-25,1,False,19,29
297,2013-01-28,1,False,22,26
298,2013-01-29,1,False,23,25
299,2013-01-31,1,False,25,23
300,2013-02-01,1,False,26,22
301,2013-02-04,1,False,29,19
302,2013-02-05,1,False,30,18
303,2013-02-07,1,False,32,16
304,2013-02-08,1,False,33,15
305,2013-02-11,1,False,36,12
306,2013-02-12,1,False,37,11
307,2013-02-14,1,False,39,9
308,2013-02-15,1,False,40,8
309,2013-02-18,1,False,43,5
310,2013-02-19,1,False,44,4
311,2013-02-21,1,False,46,2
312,2013-02-22,1,False,47,1
313,2013-03-11,2,False,1,40
314,2013-03-12,2,False,2,39
315,2013-03-14,2,False,4,37
316,2013-03-15,2,False,5,36
317,2013-03-18,2,False,8,33
318,2013-03-19,2,False,9,32
319,2013-03-21,2,False,11,30
320,2013-03-22,2,False,12,29
321,2013-03-25,2,False,15,26
322,2013-03-26,2,False,16,25
323,2013-03-28,2,False,18,23
324,2013-03-29,2,False,19,22
325,2013-04-02,2,False,23,18
326,2013-04-03,2,False,24,17
327,2013-04-04,2,False,25,16
328,2013-04-05,2,False,26,15
329,2013-04-08,2,False,29,12
330,2013-04-09,2,False,30,11
331,2013-04-11,2,False,32,9
332,2013-04-12,2,False,33,8
333,2013-04-15,2,False,36,5
334,2013-04-16,2,False,37,4
335,2013-04-18,2,False,39,2
336,2013-04-19,2,False,40,1
337,2013-05-06,3,False,1,61
338,2013-05-07,3,False,2,60
339,2013-05-13,3,False,8,54
340,2013-05-14,3,False,9,53
341,2013-05-16,3,False,11,51
342,2013-05-17,3,False,12,50
343,2013-05-21,3,False,16,46
344,2013-05-22,3,False,17,45
345,2013-05-23,3,False,18,44
346,2013-05-24,3,False,19,43
347,2013-05-27,3,False,22,40
348,2013-05-28,3,False,23,39
349,2013-05-30,3,False,25,37
350,2013-05-31,3,False,26,36
351,2013-06-03,3,False,29,33
352,2013-06-04,3,False,30,32
353,2013-06-06,3,False,32,30
354,2013-06-07,3,False,33,29
355,2013-06-10,3,False,36,26
356,2013-06-11,3,False,37,25
357,2013-06-13,3,False,39,23
358,2013-06-14,3,False,40,22
359,2013-06-17,3,False,43,19
360,2013-06-18,3,False,44,18
361,2013-06-20,3,False,46,16
362,2013-06-21,3,False,47,15
363,2013-06-24,3,False,50,12
364,2013-06-25,3,False,51,11
365,2013-06-27,3,False,53,9
366,2013-06-28,3,False,54,8
367,2013-07-01,3,False,57,5
368,2013-07-02,3,False,58,4
369,2013-07-04,3,False,60,2
370,2013-07-05,3,False,61,1
371,2013-09-03,4,False,1,46
372,2013-09-05,4,False,3,44
373,2013-09-06,4,False,4,43
374,2013-09-09,4,False,7,40
375,2013-09-10,4,False,8,39
376,2013-09-12,4,False,10,37
377,2013-09-13,4,False,11,36
378,2013-09-16,4,False,14,33
379,2013-09-17,4,False,15,32
380,2013-09-19,4,False,17,30
381,2013-09-20,4,False,18,29
382,2013-09-23,4,False,21,26
383,2013-09-24,4,False,22,25
384,2013-09-26,4,False,24,23
385,2013-09-27,4,False,25,22
386,2013-09-30,4,False,28,19
387,2013-10-01,4,False,29,18
388,2013-10-03,4,False,31,16
389,2013-10-04,4,False,32,15
390,2013-10-07,4,False,35,12
391,2013-10-08,4,False,36,11
392,2013-10-10,4,False,38,9
393,2013-10-11,4,False,39,8
394,2013-10-14,4,False,42,5
395,2013-10-15,4,False,43,4
396,2013-10-17,4,False,45,2
397,2013-10-18,4,False,46,1
398,2013-11-04,5,False,1,47
399,2013-11-05,5,False,2,46
400,2013-11-07,5,False,4,44
401,2013-11-08,5,False,5,43
402,2013-11-12,5,False,9,39
403,2013-11-13,5,False,10,38
404,2013-11-14,5,False,11,37
405,2013-11-15,5,False,12,36
406,2013-11-18,5,False,15,33
407,2013-11-19,5,False,16,32
408,2013-11-21,5,False,18,30
409,2013-11-22,5,False,19,29
410,2013-11-25,5,False,22,26
411,2013-11-26,5,False,23,25
412,2013-11-28,5,False,25,23
413,2013-11-29,5,False,26,22
414,2013-12-02,5,False,29,19
415,2013-12-03,5,False,30,18
416,2013-12-05,5,False,32,16
417,2013-12-06,5,False,33,15
418,2013-12-09,5,False,36,12
419,2013-12-10,5,False,37,11
420,2013-12-12,5,False,39,9
421,2013-12-13,5,False,40,8
422,2013-12-16,5,False,43,5
423,2013-12-17,5,False,44,4
424,2013-12-19,5,False,46,2
425,2013-12-20,5,False,47,1
426,2014-01-06,1,False,1,54
427,2014-01-07,1,False,2,53
428,2014-01-10,1,False,5,50
429,2014-01-13,1,False,8,47
430,2014-01-14,1,False,9,46
431,2014-01-16,1,False,11,44
432,2014-01-17,1,False,12,43
433,2014-01-20,1,False,15,40
434,2014-01-21,1,False,16,39
435,2014-01-23,1,False,18,37
436,2014-01-24,1,False,19,36
437,2014-01-27,1,False,22,33
438,2014-01-28,1,False,23,32
439,2014-01-30,1,False,25,30
440,2014-01-31,1,False,26,29
441,2014-02-03,1,False,29,26
442,2014-02-04,1,False,30,25
443,2014-02-06,1,False,32,23
444,2014-02-07,1,False,33,22
445,2014-02-10,1,False,36,19
446,2014-02-11,1,False,37,18
447,2014-02-13,1,False,39,16
448,2014-02-14,1,False,40,15
449,2014-02-17,1,False,43,12
450,2014-02-18,1,False,44,11
451,2014-02-20,1,False,46,9
452,2014-02-21,1,False,47,8
453,2014-02-24,1,False,50,5
454,2014-02-25,1,False,51,4
455,2014-02-27,1,False,53,2
456,2014-02-28,1,False,54,1
457,2014-03-17,2,False,1,40
458,2014-03-18,2,False,2,39
459,2014-03-20,2,False,4,37
460,2014-03-21,2,False,5,36
461,2014-03-24,2,False,8,33
462,2014-03-25,2,False,9,32
463,2014-03-27,2,False,11,30
464,2014-03-28,2,False,12,29
465,2014-03-31,2,False,15,26
466,2014-04-01,2,False,16,25
467,2014-04-03,2,False,18,23
468,2014-04-04,2,False,19,22
469,2014-04-07,2,False,22,19
470,2014-04-08,2,False,23,18
471,2014-04-10,2,False,25,16
472,2014-04-11,2,False,26,15
473,2014-04-14,2,False,29,12
474,2014-04-15,2,False,30,11
475,2014-04-17,2,False,32,9
476,2014-04-18,2,False,33,8
477,2014-04-22,2,False,37,4
478,2014-04-23,2,False,38,3
479,2014-04-24,2,False,39,2
480,2014-04-25,2,False,40,1
481,2014-05-12,3,False,1,54
482,2014-05-13,3,False,2,53
483,2014-05-15,3,False,4,51
484,2014-05-16,3,False,5,50
485,2014-05-19,3,False,8,47
486,2014-05-20,3,False,9,46
487,2014-05-22,3,False,11,44
488,2014-05-23,3,False,12,43
489,2014-05-26,3,False,15,40
490,2014-05-27,3,False,16,39
491,2014-05-28,3,False,17,38
492,2014-06-02,3,False,22,33
493,2014-06-03,3,False,23,32
494,2014-06-05,3,False,25,30
495,2014-06-06,3,False,26,29
496,2014-06-10,3,False,30,25
497,2014-06-11,3,False,31,24
498,2014-06-12,3,False,32,23
499,2014-06-13,3,False,33,22
500,2014-06-16,3,False,36,19
501,2014-06-17,3,False,37,18
502,2014-06-19,3,False,39,16
503,2014-06-20,3,False,40,15
504,2014-06-23,3,False,43,12
505,2014-06-24,3,False,44,11
506,2014-06-26,3,False,46,9
507,2014-06-27,3,False,47,8
508,2014-06-30,3,False,50,5
509,2014-07-01,3,False,51,4
510,2014-07-03,3,False,53,2
511,2014-07-04,3,False,54,1
512,2014-09-02,4,False,1,46
513,2014-09-04,4,False,3,44
514,2014-09-05,4,False,4,43
515,2014-09-08,4,False,7,40
516,2014-09-09,4,False,8,39
517,2014-09-11,4,False,10,37
518,2014-09-12,4,False,11,36
519,2014-09-15,4,False,14,33
520,2014-09-16,4,False,15,32
521,2014-09-18,4,False,17,30
522,2014-09-19,4,False,18,29
523,2014-09-22,4,False,21,26
524,2014-09-23,4,False,22,25
525,2014-09-25,4,False,24,23
526,2014-09-26,4,False,25,22
527,2014-09-29,4,False,28,19
528,2014-09-30,4,False,29,18
529,2014-10-02,4,False,31,16
530,2014-10-03,4,False,32,15
531,2014-10-06,4,False,35,12
532,2014-10-07,4,False,36,11
533,2014-10-09,4,False,38,9
534,2014-10-10,4,False,39,8
535,2014-10-13,4,False,42,5
536,2014-10-14,4,False,43,4
537,2014-10-16,4,False,45,2
538,2014-10-17,4,False,46,1
539,2014-11-03,5,False,1,47
540,2014-11-04,5,False,2,46
541,2014-11-06,5,False,4,44
542,2014-11-07,5,False,5,43
543,2014-11-10,5,False,8,40
544,2014-11-13,5,False,11,37
545,2014-11-14,5,False,12,36
546,2014-11-17,5,False,15,33
547,2014-11-18,5,False,16,32
548,2014-11-20,5,False,18,30
549,2014-11-21,5,False,19,29
550,2014-11-24,5,False,22,26
551,2014-11-25,5,False,23,25
552,2014-11-27,5,False,25,23
553,2014-11-28,5,False,26,22
554,2014-12-01,5,False,29,19
555,2014-12-02,5,False,30,18
556,2014-12-04,5,False,32,16
557,2014-12-05,5,False,33,15
558,2014-12-08,5,False,36,12
559,2014-12-09,5,False,37,11
560,2014-12-11,5,False,39,9
561,2014-12-12,5,False,40,8
562,2014-12-15,5,False,43,5
563,2014-12-16,5,False,44,4
564,2014-12-18,5,False,46,2
565,2014-12-19,5,False,47,1
566,2015-01-05,1,False,1,33
567,2015-01-06,1,False,2,32
568,2015-01-08,1,False,4,30
569,2015-01-09,1,False,5,29
570,2015-01-12,1,False,8,26
571,2015-01-13,1,False,9,25
572,2015-01-15,1,False,11,23
573,2015-01-16,1,False,12,22
574,2015-01-19,1,False,15,19
575,2015-01-20,1,False,16,18
576,2015-01-22,1,False,18,16
577,2015-01-23,1,False,19,15
578,2015-01-26,1,False,22,12
579,2015-01-27,1,False,23,11
580,2015-01-29,1,False,25,9
581,2015-01-30,1,False,26,8
582,2015-02-02,1,False,29,5
583,2015-02-03,1,False,30,4
584,2015-02-05,1,False,32,2
585,2015-02-06,1,False,33,1
586,2015-02-23,2,False,1,47
587,2015-02-24,2,False,2,46
588,2015-02-26,2,False,4,44
589,2015-02-27,2,False,5,43
590,2015-04-02,2,False,39,9
591,2015-04-03,2,False,40,8
592,2015-04-07,2,False,44,4
593,2015-04-10,2,False,47,1
594,2015-04-27,3,False,1,68
595,2015-04-28,3,False,2,67
596,2015-04-30,3,False,4,65
597,2015-05-04,3,False,8,61
598,2015-05-05,3,False,9,60
599,2015-05-07,3,False,11,58
600,2015-05-11,3,False,15,54
601,2015-05-12,3,False,16,53
602,2015-05-13,3,False,17,52
603,2015-05-18,3,False,22,47
604,2015-05-19,3,False,23,46
605,2015-05-21,3,False,25,44
606,2015-05-22,3,False,26,43
607,2015-05-26,3,False,30,39
608,2015-05-28,3,False,32,37
609,2015-05-29,3,False,33,36
610,2015-06-02,3,False,37,32
611,2015-06-04,3,False,39,30
612,2015-06-05,3,False,40,29
613,2015-06-15,3,False,50,19
614,2015-06-16,3,False,51,18
615,2015-06-18,3,False,53,16
616,2015-06-22,3,False,57,12
617,2015-06-23,3,False,58,11
618,2015-06-25,3,False,60,9
619,2015-06-26,3,False,61,8
620,2015-06-30,3,False,65,4
621,2015-09-01,4,False,1,46
622,2015-09-03,4,False,3,44
623,2015-09-04,4,False,4,43
624,2015-09-07,4,False,7,40
625,2015-09-08,4,False,8,39
626,2015-09-10,4,False,10,37
627,2015-09-11,4,False,11,36
628,2015-09-14,4,False,14,33
629,2015-09-15,4,False,15,32
630,2015-09-17,4,False,17,30
631,2015-09-18,4,False,18,29
632,2015-09-21,4,False,21,26
633,2015-09-22,4,False,22,25
634,2015-09-24,4,False,24,23
635,2015-09-25,4,False,25,22
636,2015-09-28,4,False,28,19
637,2015-09-29,4,False,29,18
638,2015-10-01,4,False,31,16
639,2015-10-02,4,False,32,15
640,2015-10-05,4,False,35,12
641,2015-10-06,4,False,36,11
642,2015-10-09,4,False,39,8
643,2015-10-12,4,False,42,5
644,2015-10-13,4,False,43,4
645,2015-10-15,4,False,45,2
646,2015-10-16,4,False,46,1
647,2015-11-02,5,False,1,47
648,2015-11-03,5,False,2,46
649,2015-11-05,5,False,4,44
650,2015-11-06,5,False,5,43
651,2015-11-09,5,False,8,40
652,2015-11-10,5,False,9,39
653,2015-11-12,5,False,11,37
654,2015-11-13,5,False,12,36
655,2015-11-16,5,False,15,33
656,2015-11-17,5,False,16,32
657,2015-11-19,5,False,18,30
658,2015-11-20,5,False,19,29
659,2015-11-23,5,False,22,26
660,2015-11-24,5,False,23,25
661,2015-11-26,5,False,25,23
662,2015-11-27,5,False,26,22
663,2015-11-30,5,False,29,19
664,2015-12-01,5,False,30,18
665,2015-12-03,5,False,32,16
666,2015-12-04,5,False,33,15
667,2015-12-07,5,False,36,12
668,2015-12-08,5,False,37,11
669,2015-12-10,5,False,39,9
670,2015-12-11,5,False,40,8
671,2015-12-14,5,False,43,5
672,2015-12-15,5,False,44,4
673,2015-12-17,5,False,46,2
674,2015-12-18,5,False,47,1
675,2016-01-04,1,False,1,33
676,2016-01-05,1,False,2,32
677,2016-01-07,1,False,4,30
678,2016-01-08,1,False,5,29
679,2016-01-11,1,False,8,26
680,2016-01-12,1,False,9,25
681,2016-01-14,1,False,11,23
682,2016-01-15,1,False,12,22
683,2016-01-18,1,False,15,19
684,2016-01-19,1,False,16,18
685,2016-01-21,1,False,18,16
686,2016-01-22,1,False,19,15
687,2016-01-25,1,False,22,12
688,2016-01-28,1,False,25,9
689,2016-01-29,1,False,26,8
690,2016-02-01,1,False,29,5
691,2016-02-02,1,False,30,4
692,2016-02-04,1,False,32,2
693,2016-02-05,1,False,33,1
694,2016-02-22,2,False,1,40
695,2016-02-23,2,False,2,39
696,2016-02-25,2,False,4,37
697,2016-02-26,2,False,5,36
698,2016-02-29,2,False,8,33
699,2016-03-01,2,False,9,32
700,2016-03-03,2,False,11,30
701,2016-03-04,2,False,12,29
702,2016-03-07,2,False,15,26
703,2016-03-08,2,False,16,25
704,2016-03-10,2,False,18,23
705,2016-03-11,2,False,19,22
706,2016-03-14,2,False,22,19
707,2016-03-15,2,False,23,18
708,2016-03-17,2,False,25,16
709,2016-03-18,2,False,26,15
710,2016-03-21,2,False,29,12
711,2016-03-22,2,False,30,11
712,2016-03-25,2,False,33,8
713,2016-03-29,2,False,37,4
714,2016-04-01,2,False,40,1
715,2016-04-18,3,False,1,78
716,2016-04-19,3,False,2,77
717,2016-04-21,3,False,4,75
718,2016-04-22,3,False,5,74
719,2016-04-25,3,False,8,71
720,2016-04-26,3,False,9,70
721,2016-04-29,3,False,12,67
722,2016-05-02,3,False,15,64
723,2016-05-03,3,False,16,63
724,2016-05-09,3,False,22,57
725,2016-05-10,3,False,23,56
726,2016-05-13,3,False,26,53
727,2016-05-20,3,False,33,46
728,2016-05-23,3,False,36,43
729,2016-05-24,3,False,37,42
730,2016-05-27,3,False,40,39
731,2016-05-30,3,False,43,36
732,2016-05-31,3,False,44,35
733,2016-06-02,3,False,46,33
734,2016-06-03,3,False,47,32
735,2016-06-06,3,False,50,29
736,2016-06-07,3,False,51,28
737,2016-06-10,3,False,54,25
738,2016-06-13,3,False,57,22
739,2016-06-17,3,False,61,18
740,2016-06-20,3,False,64,15
741,2016-06-21,3,False,65,14
742,2016-06-24,3,False,68,11
743,2016-06-27,3,False,71,8
744,2016-07-01,3,False,75,4
745,2016-07-04,3,False,78,1
746,2016-09-01,4,False,1,48
747,2016-09-02,4,False,2,47
748,2016-09-05,4,False,5,44
749,2016-09-06,4,False,6,43
750,2016-09-08,4,False,8,41
751,2016-09-09,4,False,9,40
752,2016-09-12,4,False,12,37
753,2016-09-13,4,False,13,36
754,2016-09-15,4,False,15,34
755,2016-09-16,4,False,16,33
756,2016-09-19,4,False,19,30
757,2016-09-20,4,False,20,29
758,2016-09-22,4,False,22,27
759,2016-09-23,4,False,23,26
760,2016-09-26,4,False,26,23
761,2016-09-27,4,False,27,22
762,2016-09-29,4,False,29,20
763,2016-09-30,4,False,30,19
764,2016-10-03,4,False,33,16
765,2016-10-04,4,False,34,15
766,2016-10-06,4,False,36,13
767,2016-10-07,4,False,37,12
768,2016-10-10,4,False,40,9
769,2016-10-11,4,False,41,8
770,2016-10-13,4,False,43,6
771,2016-10-14,4,False,44,5
772,2016-10-17,4,False,47,2
773,2016-10-18,4,False,48,1
774,2016-11-03,5,False,1,44
775,2016-11-04,5,False,2,43
776,2016-11-07,5,False,5,40
777,2016-11-08,5,False,6,39
778,2016-11-10,5,False,8,37
779,2016-11-14,5,False,12,33
780,2016-11-15,5,False,13,32
781,2016-11-17,5,False,15,30
782,2016-11-18,5,False,16,29
783,2016-11-21,5,False,19,26
784,2016-11-22,5,False,20,25
785,2016-11-24,5,False,22,23
786,2016-11-25,5,False,23,22
787,2016-11-28,5,False,26,19
788,2016-11-29,5,False,27,18
789,2016-12-01,5,False,29,16
790,2016-12-02,5,False,30,15
791,2016-12-05,5,False,33,12
792,2016-12-06,5,False,34,11
793,2016-12-08,5,False,36,9
794,2016-12-09,5,False,37,8
795,2016-12-12,5,False,40,5
796,2016-12-13,5,False,41,4
797,2016-12-15,5,False,43,2
798,2016-12-16,5,False,44,1
799,2017-01-03,1,False,1,39
800,2017-01-05,1,False,3,37
801,2017-01-06,1,False,4,36
802,2017-01-09,1,False,7,33
803,2017-01-10,1,False,8,32
804,2017-01-12,1,False,10,30
805,2017-01-13,1,False,11,29
806,2017-01-16,1,False,14,26
807,2017-01-17,1,False,15,25
808,2017-01-19,1,False,17,23
809,2017-01-20,1,False,18,22
810,2017-01-23,1,False,21,19
811,2017-01-24,1,False,22,18
812,2017-01-26,1,False,24,16
813,2017-01-27,1,False,25,15
814,2017-01-30,1,False,28,12
815,2017-01-31,1,False,29,11
816,2017-02-02,1,False,31,9
817,2017-02-03,1,False,32,8
818,2017-02-06,1,False,35,5
819,2017-02-07,1,False,36,4
820,2017-02-09,1,False,38,2
821,2017-02-10,1,False,39,1
822,2017-02-27,2,False,1,40
823,2017-02-28,2,False,2,39
824,2017-03-02,2,False,4,37
825,2017-03-03,2,False,5,36
826,2017-03-06,2,False,8,33
827,2017-03-07,2,False,9,32
828,2017-03-09,2,False,11,30
829,2017-03-10,2,False,12,29
830,2017-03-13,2,False,15,26
831,2017-03-14,2,False,16,25
832,2017-03-16,2,False,18,23
833,2017-03-17,2,False,19,22
834,2017-03-20,2,False,22,19
835,2017-03-21,2,False,23,18
836,2017-03-23,2,False,25,16
837,2017-03-24,2,False,26,15
838,2017-03-27,2,False,29,12
839,2017-03-28,2,False,30,11
840,2017-03-30,2,False,32,9
841,2017-03-31,2,False,33,8
842,2017-04-03,2,False,36,5
843,2017-04-04,2,False,37,4
844,2017-04-06,2,False,39,2
845,2017-04-07,2,False,40,1
846,2017-04-24,3,False,1,75
847,2017-04-25,3,False,2,74
848,2017-04-27,3,False,4,72
849,2017-04-28,3,False,5,71
850,2017-05-02,3,False,9,67
851,2017-05-04,3,False,11,65
852,2017-05-05,3,False,12,64
853,2017-05-09,3,False,16,60
854,2017-05-11,3,False,18,58
855,2017-05-12,3,False,19,57
856,2017-05-15,3,False,22,54
857,2017-05-16,3,False,23,53
858,2017-05-18,3,False,25,51
859,2017-05-19,3,False,26,50
860,2017-05-22,3,False,29,47
861,2017-05-23,3,False,30,46
862,2017-05-29,3,False,36,40
863,2017-05-30,3,False,37,39
864,2017-06-01,3,False,39,37
865,2017-06-02,3,False,40,36
866,2017-06-06,3,False,44,32
867,2017-06-08,3,False,46,30
868,2017-06-09,3,False,47,29
869,2017-06-12,3,False,50,26
870,2017-06-13,3,False,51,25
871,2017-06-15,3,False,53,23
872,2017-06-16,3,False,54,22
873,2017-06-19,3,False,57,19
874,2017-06-20,3,False,58,18
875,2017-06-22,3,False,60,16
876,2017-06-23,3,False,61,15
877,2017-06-26,3,False,64,12
878,2017-06-27,3,False,65,11
879,2017-06-29,3,False,67,9
880,2017-06-30,3,False,68,8
881,2017-07-03,3,False,71,5
882,2017-07-04,3,False,72,4
883,2017-07-06,3,False,74,2
884,2017-07-07,3,False,75,1
885,2017-09-04,4,False,1,47
886,2017-09-05,4,False,2,46
887,2017-09-07,4,False,4,44
888,2017-09-08,4,False,5,43
889,2017-09-11,4,False,8,40
890,2017-09-12,4,False,9,39
891,2017-09-14,4,False,11,37
892,2017-09-15,4,False,12,36
893,2017-09-18,4,False,15,33
894,2017-09-19,4,False,16,32
895,2017-09-21,4,False,18,30
896,2017-09-22,4,False,19,29
897,2017-09-25,4,False,22,26
898,2017-09-26,4,False,23,25
899,2017-09-28,4,False,25,23
900,2017-09-29,4,False,26,22
901,2017-10-02,4,False,29,19
902,2017-10-03,4,False,30,18
903,2017-10-05,4,False,32,16
904,2017-10-06,4,False,33,15
905,2017-10-09,4,False,36,12
906,2017-10-10,4,False,37,11
907,2017-10-12,4,False,39,9
908,2017-10-13,4,False,40,8
909,2017-10-16,4,False,43,5
910,2017-10-17,4,False,44,4
911,2017-10-19,4,False,46,2
912,2017-10-20,4,False,47,1
913,2017-11-06,5,False,1,47
914,2017-11-07,5,False,2,46
915,2017-11-09,5,False,4,44
916,2017-11-10,5,False,5,43
917,2017-11-13,5,False,8,40
918,2017-11-14,5,False,9,39
919,2017-11-16,5,False,11,37
920,2017-11-17,5,False,12,36
921,2017-11-20,5,False,15,33
922,2017-11-21,5,False,16,32
923,2017-11-23,5,False,18,30
924,2017-11-24,5,False,19,29
925,2017-11-27,5,False,22,26
926,2017-11-28,5,False,23,25
927,2017-11-30,5,False,25,23
928,2017-12-01,5,False,26,22
929,2017-12-04,5,False,29,19
930,2017-12-05,5,False,30,18
931,2017-12-07,5,False,32,16
932,2017-12-08,5,False,33,15
933,2017-12-11,5,False,36,12
934,2017-12-12,5,False,37,11
935,2017-12-14,5,False,39,9
936,2017-12-15,5,False,40,8
937,2017-12-18,5,False,43,5
938,2017-12-19,5,False,44,4
939,2017-12-21,5,False,46,2
940,2017-12-22,5,False,47,1
941,2018-01-08,1,False,1,47
942,2018-01-09,1,False,2,46
943,2018-01-11,1,False,4,44
944,2018-01-12,1,False,5,43
945,2018-01-15,1,False,8,40
946,2018-01-16,1,False,9,39
947,2018-01-18,1,False,11,37
948,2018-01-19,1,False,12,36
949,2018-01-22,1,False,15,33
950,2018-01-23,1,False,16,32
951,2018-01-25,1,False,18,30
952,2018-01-26,1,False,19,29
953,2018-01-29,1,False,22,26
954,2018-01-30,1,False,23,25
955,2018-02-01,1,False,25,23
956,2018-02-02,1,False,26,22
957,2018-02-05,1,False,29,19
958,2018-02-06,1,False,30,18
959,2018-02-08,1,False,32,16
960,2018-02-09,1,False,33,15
961,2018-02-12,1,False,36,12
962,2018-02-13,1,False,37,11
963,2018-02-15,1,False,39,9
964,2018-02-16,1,False,40,8
965,2018-02-19,1,False,43,5
966,2018-02-20,1,False,44,4
967,2018-02-22,1,False,46,2
968,2018-02-23,1,False,47,1
969,2018-03-12,2,False,1,40
970,2018-03-13,2,False,2,39
971,2018-03-15,2,False,4,37
972,2018-03-16,2,False,5,36
973,2018-03-19,2,False,8,33
974,2018-03-20,2,False,9,32
975,2018-03-22,2,False,11,30
976,2018-03-23,2,False,12,29
977,2018-03-26,2,False,15,26
978,2018-03-27,2,False,16,25
979,2018-03-29,2,False,18,23
980,2018-03-30,2,False,19,22
981,2018-04-03,2,False,23,18
982,2018-04-05,2,False,25,16
983,2018-04-06,2,False,26,15
984,2018-04-09,2,False,29,12
985,2018-04-10,2,False,30,11
986,2018-04-12,2,False,32,9
987,2018-04-13,2,False,33,8
988,2018-04-16,2,False,36,5
989,2018-04-17,2,False,37,4
990,2018-04-19,2,False,39,2
991,2018-04-20,2,False,40,1
992,2018-04-23,2,True,43,-2
993,2018-04-24,2,True,44,-3
994,2018-05-14,3,False,8,54
995,2018-05-15,3,False,9,53
996,2018-05-17,3,False,11,51
997,2018-05-18,3,False,12,50
998,2018-05-22,3,False,16,46
999,2018-05-24,3,False,18,44
1000,2018-05-25,3,False,19,43
1001,2018-05-28,3,False,22,40
1002,2018-05-29,3,False,23,39
1003,2018-05-31,3,False,25,37
1004,2018-06-01,3,False,26,36
1005,2018-06-04,3,False,29,33
1006,2018-06-05,3,False,30,32
1007,2018-06-07,3,False,32,30
1008,2018-06-08,3,False,33,29
1009,2018-06-11,3,False,36,26
1010,2018-06-12,3,False,37,25
1011,2018-06-14,3,False,39,23
1012,2018-06-15,3,False,40,22
1013,2018-06-18,3,False,43,19
1014,2018-06-19,3,False,44,18
1015,2018-06-21,3,False,46,16
1016,2018-06-22,3,False,47,15
1017,2018-06-25,3,False,50,12
1018,2018-06-26,3,False,51,11
1019,2018-06-28,3,False,53,9
1020,2018-06-29,3,False,54,8
1021,2018-07-02,3,False,57,5
1022,2018-07-03,3,False,58,4
1023,2018-07-05,3,False,60,2
1024,2018-07-06,3,False,61,1
1025,2018-09-03,4,False,1,47
1026,2018-09-04,4,False,2,46
1027,2018-09-06,4,False,4,44
1028,2018-09-07,4,False,5,43
1029,2018-09-10,4,False,8,40
1030,2018-09-11,4,False,9,39
1031,2018-09-13,4,False,11,37
1032,2018-09-14,4,False,12,36
1033,2018-09-17,4,False,15,33
1034,2018-09-18,4,False,16,32
1035,2018-09-20,4,False,18,30
1036,2018-09-21,4,False,19,29
1037,2018-09-24,4,False,22,26
1038,2018-09-25,4,False,23,25
1039,2018-09-27,4,False,25,23
1040,2018-09-28,4,False,26,22
1041,2018-10-01,4,False,29,19
1042,2018-10-02,4,False,30,18
1043,2018-10-04,4,False,32,16
1044,2018-10-05,4,False,33,15
1045,2018-10-08,4,False,36,12
1046,2018-10-09,4,False,37,11
1047,2018-10-11,4,False,39,9
1048,2018-10-12,4,False,40,8
1049,2018-10-15,4,False,43,5
1050,2018-10-16,4,False,44,4
1051,2018-10-18,4,False,46,2
1052,2018-10-19,4,False,47,1
1053,2018-11-05,5,False,1,47
1054,2018-11-06,5,False,2,46
1055,2018-11-08,5,False,4,44
1056,2018-11-09,5,False,5,43
1057,2018-11-12,5,False,8,40
1058,2018-11-13,5,False,9,39
1059,2018-11-15,5,False,11,37
1060,2018-11-16,5,False,12,36
1061,2018-11-19,5,False,15,33
1062,2018-11-20,5,False,16,32
1063,2018-11-22,5,False,18,30
1064,2018-11-23,5,False,19,29
1065,2018-11-26,5,False,22,26
1066,2018-11-27,5,False,23,25
1067,2018-11-29,5,False,25,23
1068,2018-11-30,5,False,26,22
1069,2018-12-03,5,False,29,19
1070,2018-12-04,5,False,30,18
1071,2018-12-06,5,False,32,16
1072,2018-12-07,5,False,33,15
1073,2018-12-10,5,False,36,12
1074,2018-12-11,5,False,37,11
1075,2018-12-13,5,False,39,9
1076,2018-12-14,5,False,40,8
1077,2018-12-17,5,False,43,5
1078,2018-12-18,5,False,44,4
1079,2018-12-20,5,False,46,2
1080,2018-12-21,5,False,47,1
1081,2019-01-07,1,False,1,33
1082,2019-01-08,1,False,2,32
1083,2019-01-10,1,False,4,30
1084,2019-01-11,1,False,5,29
1085,2019-01-14,1,False,8,26
1086,2019-01-15,1,False,9,25
1087,2019-01-17,1,False,11,23
1088,2019-01-18,1,False,12,22
1089,2019-01-21,1,False,15,19
1090,2019-01-22,1,False,16,18
1091,2019-01-24,1,False,18,16
1092,2019-01-25,1,False,19,15
1093,2019-01-28,1,False,22,12
1094,2019-01-29,1,False,23,11
1095,2019-01-31,1,False,25,9
1096,2019-02-01,1,False,26,8
1097,2019-02-04,1,False,29,5
1098,2019-02-05,1,False,30,4
1099,2019-02-07,1,False,32,2
1100,2019-02-08,1,False,33,1
1101,2019-02-25,2,False,1,40
1102,2019-02-26,2,False,2,39
1103,2019-02-28,2,False,4,37
1104,2019-03-01,2,False,5,36
1105,2019-03-04,2,False,8,33
1106,2019-03-05,2,False,9,32
1107,2019-03-07,2,False,11,30
1108,2019-03-08,2,False,12,29
1109,2019-03-11,2,False,15,26
1110,2019-03-12,2,False,16,25
1111,2019-03-14,2,False,18,23
1112,2019-03-15,2,False,19,22
1113,2019-03-18,2,False,22,19
1114,2019-03-19,2,False,23,18
1115,2019-03-21,2,False,25,16
1116,2019-03-22,2,False,26,15
1117,2019-03-25,2,False,29,12
1118,2019-03-26,2,False,30,11
1119,2019-03-28,2,False,32,9
1120,2019-03-29,2,False,33,8
1121,2019-04-01,2,False,36,5
1122,2019-04-02,2,False,37,4
1123,2019-04-04,2,False,39,2
1124,2019-04-05,2,False,40,1
1125,2019-04-23,3,False,1,74
1126,2019-04-25,3,False,3,72
1127,2019-04-26,3,False,4,71
1128,2019-04-29,3,False,7,68
1129,2019-04-30,3,False,8,67
1130,2019-05-02,3,False,10,65
1131,2019-05-03,3,False,11,64
1132,2019-05-06,3,False,14,61
1133,2019-05-07,3,False,15,60
1134,2019-05-09,3,False,17,58
1135,2019-05-10,3,False,18,57
1136,2019-05-13,3,False,21,54
1137,2019-05-14,3,False,22,53
1138,2019-05-16,3,False,24,51
1139,2019-05-17,3,False,25,50
1140,2019-05-20,3,False,28,47
1141,2019-05-21,3,False,29,46
1142,2019-05-23,3,False,31,44
1143,2019-05-24,3,False,32,43
1144,2019-05-27,3,False,35,40
1145,2019-05-28,3,False,36,39
1146,2019-06-03,3,False,42,33
1147,2019-06-04,3,False,43,32
1148,2019-06-06,3,False,45,30
1149,2019-06-07,3,False,46,29
1150,2019-06-11,3,False,50,25
1151,2019-06-13,3,False,52,23
1152,2019-06-14,3,False,53,22
1153,2019-06-17,3,False,56,19
1154,2019-06-18,3,False,57,18
1155,2019-06-20,3,False,59,16
1156,2019-06-21,3,False,60,15
1157,2019-06-24,3,False,63,12
1158,2019-06-25,3,False,64,11
1159,2019-06-27,3,False,66,9
1160,2019-06-28,3,False,67,8
1161,2019-07-01,3,False,70,5
1162,2019-07-02,3,False,71,4
1163,2019-07-04,3,False,73,2
1164,2019-07-05,3,False,74,1
1165,2019-09-02,4,False,1,47
1166,2019-09-03,4,False,2,46
1167,2019-09-05,4,False,4,44
1168,2019-09-06,4,False,5,43
1169,2019-09-09,4,False,8,40
1170,2019-09-10,4,False,9,39
1171,2019-09-12,4,False,11,37
1172,2019-09-13,4,False,12,36
1173,2019-09-16,4,False,15,33
1174,2019-09-17,4,False,16,32
1175,2019-09-19,4,False,18,30
1176,2019-09-20,4,False,19,29
1177,2019-09-23,4,False,22,26
1178,2019-09-24,4,False,23,25
1179,2019-09-26,4,False,25,23
1180,2019-09-27,4,False,26,22
1181,2019-09-30,4,False,29,19
1182,2019-10-01,4,False,30,18
1183,2019-10-03,4,False,32,16
1184,2019-10-04,4,False,33,15
1185,2019-10-07,4,False,36,12
1186,2019-10-08,4,False,37,11
1187,2019-10-10,4,False,39,9
1188,2019-10-11,4,False,40,8
1189,2019-10-14,4,False,43,5
1190,2019-10-15,4,False,44,4
1191,2019-10-17,4,False,46,2
1192,2019-10-18,4,False,47,1
1193,2019-11-04,5,False,1,47
1194,2019-11-05,5,False,2,46
1195,2019-11-07,5,False,4,44
1196,2019-11-08,5,False,5,43
1197,2019-11-12,5,False,9,39
1198,2019-11-14,5,False,11,37
1199,2019-11-15,5,False,12,36
1200,2019-11-18,5,False,15,33
1201,2019-11-19,5,False,16,32
1202,2019-11-21,5,False,18,30
1203,2019-11-22,5,False,19,29
1204,2019-11-25,5,False,22,26
1205,2019-11-26,5,False,23,25
1206,2019-11-28,5,False,25,23
1207,2019-11-29,5,False,26,22
1208,2019-12-02,5,False,29,19
1209,2019-12-03,5,False,30,18
1210,2019-12-05,5,False,32,16
1211,2019-12-06,5,False,33,15
1212,2019-12-09,5,False,36,12
1213,2019-12-10,5,False,37,11
1214,2019-12-12,5,False,39,9
1215,2019-12-13,5,False,40,8
1216,2019-12-16,5,False,43,5
1217,2019-12-17,5,False,44,4
1218,2019-12-19,5,False,46,2
1219,2019-12-20,5,False,47,1
1220,2020-01-06,1,False,1,40
1221,2020-01-07,1,False,2,39
1222,2020-01-09,1,False,4,37
1223,2020-01-10,1,False,5,36
1224,2020-01-13,1,False,8,33
1225,2020-01-14,1,False,9,32
1226,2020-01-16,1,False,11,30
1227,2020-01-17,1,False,12,29
1228,2020-01-20,1,False,15,26
1229,2020-01-21,1,False,16,25
1230,2020-01-23,1,False,18,23
1231,2020-01-24,1,False,19,22
1232,2020-01-27,1,False,22,19
1233,2020-01-28,1,False,23,18
1234,2020-01-30,1,False,25,16
1235,2020-01-31,1,False,26,15
1236,2020-02-03,1,False,29,12
1237,2020-02-04,1,False,30,11
1238,2020-02-06,1,False,32,9
1239,2020-02-07,1,False,33,8
1240,2020-02-10,1,False,36,5
1241,2020-02-11,1,False,37,4
1242,2020-02-13,1,False,39,2
1243,2020-02-14,1,False,40,1
1244,2020-03-02,2,False,1,40
1245,2020-03-03,2,False,2,39
1246,2020-03-05,2,False,4,37
1247,2020-03-06,2,False,5,36
1248,2020-03-09,2,False,8,33
1249,2020-03-10,2,False,9,32
1250,2020-03-12,2,False,11,30
1251,2020-03-13,2,False,12,29
1252,2020-03-16,2,False,15,26
1253,2020-03-17,2,False,16,25
1254,2020-03-19,2,False,18,23
1255,2020-03-20,2,False,19,22
1256,2020-03-23,2,False,22,19
1257,2020-03-24,2,False,23,18
1258,2020-03-25,2,False,24,17
1259,2020-03-26,2,False,25,16
1260,2020-03-27,2,False,26,15
1261,2020-03-30,2,False,29,12
1262,2020-03-31,2,False,30,11
1263,2020-04-01,2,False,31,10
1264,2020-04-02,2,False,32,9
1265,2020-04-03,2,False,33,8
1266,2020-04-06,2,False,36,5
1267,2020-04-07,2,False,37,4
1268,2020-04-08,2,False,38,3
1269,2020-04-09,2,False,39,2
1270,2020-04-10,2,False,40,1
1271,2020-04-27,3,False,1,68
1272,2020-04-28,3,False,2,67
1273,2020-04-30,3,False,4,65
1274,2020-05-04,3,False,8,61
1275,2020-05-05,3,False,9,60
1276,2020-05-07,3,False,11,58
1277,2020-05-11,3,False,15,54
1278,2020-05-12,3,False,16,53
1279,2020-05-14,3,False,18,51
1280,2020-05-15,3,False,19,50
1281,2020-05-18,3,False,22,47
1282,2020-05-19,3,False,23,46
1283,2020-05-25,3,False,29,40
1284,2020-05-26,3,False,30,39
1285,2020-05-28,3,False,32,37
1286,2020-05-29,3,False,33,36
1287,2020-06-02,3,False,37,32
1288,2020-06-04,3,False,39,30
1289,2020-06-05,3,False,40,29
1290,2020-06-08,3,False,43,26
1291,2020-06-09,3,False,44,25
1292,2020-06-11,3,False,46,23
1293,2020-06-12,3,False,47,22
1294,2020-06-15,3,False,50,19
1295,2020-06-16,3,False,51,18
1296,2020-06-18,3,False,53,16
1297,2020-06-19,3,False,54,15
1298,2020-06-22,3,False,57,12
1299,2020-06-23,3,False,58,11
1300,2020-06-25,3,False,60,9
1301,2020-06-26,3,False,61,8
1302,2020-06-29,3,False,64,5
1303,2020-06-30,3,False,65,4
1304,2020-07-02,3,False,67,2
1305,2020-07-03,3,False,68,1
1306,2020-09-01,4,False,1,46
1307,2020-09-03,4,False,3,44
1308,2020-09-04,4,False,4,43
1309,2020-09-07,4,False,7,40
1310,2020-09-08,4,False,8,39
1311,2020-09-10,4,False,10,37
1312,2020-09-11,4,False,11,36
1313,2020-09-14,4,False,14,33
1314,2020-09-15,4,False,15,32
1315,2020-09-17,4,False,17,30
1316,2020-09-18,4,False,18,29
1317,2020-09-21,4,False,21,26
1318,2020-09-22,4,False,22,25
1319,2020-09-24,4,False,24,23
1320,2020-09-25,4,False,25,22
1321,2020-09-28,4,False,28,19
1322,2020-09-29,4,False,29,18
1323,2020-10-01,4,False,31,16
1324,2020-10-02,4,False,32,15
1325,2020-10-05,4,False,35,12
1326,2020-10-06,4,False,36,11
1327,2020-10-08,4,False,38,9
1328,2020-10-09,4,False,39,8
1329,2020-10-12,4,False,42,5
1330,2020-10-13,4,False,43,4
1331,2020-10-15,4,False,45,2
1332,2020-10-16,4,False,46,1
1333,2020-11-02,5,False,1,47
1334,2020-11-03,5,False,2,46
1335,2020-11-05,5,False,4,44
1336,2020-11-06,5,False,5,43
1337,2020-11-09,5,False,8,40
1338,2020-11-10,5,False,9,39
1339,2020-11-12,5,False,11,37
1340,2020-11-13,5,False,12,36
1341,2020-11-16,5,False,15,33
1342,2020-11-17,5,False,16,32
1343,2020-11-19,5,False,18,30
1344,2020-11-20,5,False,19,29
1345,2020-11-23,5,False,22,26
1346,2020-11-24,5,False,23,25
1347,2020-11-26,5,False,25,23
1348,2020-11-27,5,False,26,22
1349,2020-11-30,5,False,29,19
1350,2020-12-01,5,False,30,18
1351,2020-12-03,5,False,32,16
1352,2020-12-04,5,False,33,15
1353,2020-12-07,5,False,36,12
1354,2020-12-08,5,False,37,11
1355,2020-12-10,5,False,39,9
1356,2020-12-11,5,False,40,8
1357,2020-12-14,5,False,43,5
1358,2020-12-15,5,False,44,4
1359,2020-12-17,5,False,46,2
1360,2020-12-18,5,False,47,1
1361,2021-01-04,1,False,1,47
1362,2021-01-05,1,False,2,46
1363,2021-01-07,1,False,4,44
1364,2021-01-08,1,False,5,43
1365,2021-01-11,1,False,8,40
1366,2021-01-12,1,False,9,39
1367,2021-01-14,1,False,11,37
1368,2021-01-15,1,False,12,36
1369,2021-01-18,1,False,15,33
1370,2021-01-19,1,False,16,32
1371,2021-01-21,1,False,18,30
1372,2021-01-22,1,False,19,29
1373,2021-01-25,1,False,22,26
1374,2021-01-26,1,False,23,25
1375,2021-01-28,1,False,25,23
1376,2021-01-29,1,False,26,22
1377,2021-02-01,1,False,29,19
1378,2021-02-02,1,False,30,18
1379,2021-02-04,1,False,32,16
1380,2021-02-05,1,False,33,15
1381,2021-02-08,1,False,36,12
1382,2021-02-09,1,False,37,11
1383,2021-02-11,1,False,39,9
1384,2021-02-12,1,False,40,8
1385,2021-02-15,1,False,43,5
1386,2021-02-16,1,False,44,4
1387,2021-02-18,1,False,46,2
1388,2021-02-19,1,False,47,1
1389,2021-03-08,2,False,1,33
1390,2021-03-09,2,False,2,32
1391,2021-03-11,2,False,4,30
1392,2021-03-12,2,False,5,29
1393,2021-03-15,2,False,8,26
1394,2021-03-16,2,False,9,25
1395,2021-03-18,2,False,11,23
1396,2021-03-19,2,False,12,22
1397,2021-03-22,2,False,15,19
1398,2021-03-23,2,False,16,18
1399,2021-03-25,2,False,18,16
1400,2021-03-26,2,False,19,15
1401,2021-03-29,2,False,22,12
1402,2021-03-30,2,False,23,11
1403,2021-04-01,2,False,25,9
1404,2021-04-02,2,False,26,8
1405,2021-04-06,2,False,30,4
1406,2021-04-08,2,False,32,2
1407,2021-04-09,2,False,33,1
1408,2021-04-26,3,False,1,72
1409,2021-04-27,3,False,2,71
1410,2021-04-29,3,False,4,69
1411,2021-04-30,3,False,5,68
1412,2021-05-03,3,False,8,65
1413,2021-05-04,3,False,9,64
1414,2021-05-06,3,False,11,62
1415,2021-05-07,3,False,12,61
1416,2021-05-10,3,False,15,58
1417,2021-05-11,3,False,16,57
1418,2021-05-17,3,False,22,51
1419,2021-05-18,3,False,23,50
1420,2021-05-20,3,False,25,48
1421,2021-05-21,3,False,26,47
1422,2021-05-25,3,False,30,43
1423,2021-05-27,3,False,32,41
1424,2021-05-28,3,False,33,40
1425,2021-05-31,3,False,36,37
1426,2021-06-01,3,False,37,36
1427,2021-06-03,3,False,39,34
1428,2021-06-04,3,False,40,33
1429,2021-06-07,3,False,43,30
1430,2021-06-08,3,False,44,29
1431,2021-06-10,3,False,46,27
1432,2021-06-11,3,False,47,26
1433,2021-06-14,3,False,50,23
1434,2021-06-15,3,False,51,22
1435,2021-06-17,3,False,53,20
1436,2021-06-18,3,False,54,19
1437,2021-06-21,3,False,57,16
1438,2021-06-22,3,False,58,15
1439,2021-06-24,3,False,60,13
1440,2021-06-25,3,False,61,12
1441,2021-06-28,3,False,64,9
1442,2021-06-29,3,False,65,8
1443,2021-07-01,3,False,67,6
1444,2021-07-02,3,False,68,5
1445,2021-07-05,3,False,71,2
1446,2021-07-06,3,False,72,1
1447,2021-09-02,4,False,2,51
1448,2021-09-03,4,False,3,50
1449,2021-09-06,4,False,6,47
1450,2021-09-07,4,False,7,46
1451,2021-09-09,4,False,9,44
1452,2021-09-10,4,False,10,43
1453,2021-09-13,4,False,13,40
1454,2021-09-14,4,False,14,39
1455,2021-09-16,4,False,16,37
1456,2021-09-17,4,False,17,36
1457,2021-09-20,4,False,20,33
1458,2021-09-21,4,False,21,32
1459,2021-09-23,4,False,23,30
1460,2021-09-24,4,False,24,29
1461,2021-09-27,4,False,27,26
1462,2021-09-28,4,False,28,25
1463,2021-09-30,4,False,30,23
1464,2021-10-01,4,False,31,22
1465,2021-10-04,4,False,34,19
1466,2021-10-05,4,False,35,18
1467,2021-10-07,4,False,37,16
1468,2021-10-08,4,False,38,15
1469,2021-10-11,4,False,41,12
1470,2021-10-12,4,False,42,11
1471,2021-10-14,4,False,44,9
1472,2021-10-15,4,False,45,8
1473,2021-10-18,4,False,48,5
1474,2021-10-19,4,False,49,4
1475,2021-10-21,4,False,51,2
1476,2021-10-22,4,False,52,1
1477,2021-11-08,5,False,1,40
1478,2021-11-09,5,False,2,39
1479,2021-11-12,5,False,5,36
1480,2021-11-15,5,False,8,33
1481,2021-11-16,5,False,9,32
1482,2021-11-18,5,False,11,30
1483,2021-11-19,5,False,12,29
1484,2021-11-22,5,False,15,26
1485,2021-11-23,5,False,16,25
1486,2021-11-25,5,False,18,23
1487,2021-11-26,5,False,19,22
1488,2021-11-29,5,False,22,19
1489,2021-11-30,5,False,23,18
1490,2021-12-02,5,False,25,16
1491,2021-12-03,5,False,26,15
1492,2021-12-06,5,False,29,12
1493,2021-12-07,5,False,30,11
1494,2021-12-09,5,False,32,9
1495,2021-12-10,5,False,33,8
1496,2021-12-13,5,False,36,5
1497,2021-12-14,5,False,37,4
1498,2021-12-16,5,False,39,2
1499,2021-12-17,5,False,40,1
1500,2022-01-03,1,False,1,33
1501,2022-01-04,1,False,2,32
1502,2022-01-06,1,False,4,30
1503,2022-01-07,1,False,5,29
1504,2022-01-10,1,False,8,26
1505,2022-01-11,1,False,9,25
1506,2022-01-13,1,False,11,23
1507,2022-01-14,1,False,12,22
1508,2022-01-17,1,False,15,19
1509,2022-01-18,1,False,16,18
1510,2022-01-20,1,False,18,16
1511,2022-01-21,1,False,19,15
1512,2022-01-24,1,False,22,12
1513,2022-01-25,1,False,23,11
1514,2022-01-27,1,False,25,9
1515,2022-01-28,1,False,26,8
1516,2022-01-31,1,False,29,5
1517,2022-02-01,1,False,30,4
1518,2022-02-03,1,False,32,2
1519,2022-02-04,1,False,33,1
1520,2022-02-21,2,False,1,47
1521,2022-02-22,2,False,2,46
1522,2022-02-24,2,False,4,44
1523,2022-02-25,2,False,5,43
1524,2022-02-28,2,False,8,40
1525,2022-03-01,2,False,9,39
1526,2022-03-03,2,False,11,37
1527,2022-03-04,2,False,12,36
1528,2022-03-07,2,False,15,33
1529,2022-03-08,2,False,16,32
1530,2022-03-10,2,False,18,30
1531,2022-03-11,2,False,19,29
1532,2022-03-14,2,False,22,26
1533,2022-03-15,2,False,23,25
1534,2022-03-17,2,False,25,23
1535,2022-03-18,2,False,26,22
1536,2022-03-21,2,False,29,19
1537,2022-03-22,2,False,30,18
1538,2022-03-24,2,False,32,16
1539,2022-03-25,2,False,33,15
1540,2022-03-28,2,False,36,12
1541,2022-03-29,2,False,37,11
1542,2022-03-31,2,False,39,9
1543,2022-04-01,2,False,40,8
1544,2022-04-04,2,False,43,5
1545,2022-04-05,2,False,44,4
1546,2022-04-07,2,False,46,2
1547,2022-04-08,2,False,47,1
1548,2022-04-25,3,False,1,73
1549,2022-04-26,3,False,2,72
1550,2022-04-28,3,False,4,70
1551,2022-04-29,3,False,5,69
1552,2022-05-02,3,False,8,66
1553,2022-05-03,3,False,9,65
1554,2022-05-05,3,False,11,63
1555,2022-05-06,3,False,12,62
1556,2022-05-09,3,False,15,59
1557,2022-05-10,3,False,16,58
1558,2022-05-12,3,False,18,56
1559,2022-05-13,3,False,19,55
1560,2022-05-16,3,False,22,52
1561,2022-05-17,3,False,23,51
1562,2022-05-19,3,False,25,49
1563,2022-05-20,3,False,26,48
1564,2022-05-23,3,False,29,45
1565,2022-05-24,3,False,30,44
