,ramadan,datetime
0,1,2021-04-13
1,1,2021-04-14
2,1,2021-04-15
3,1,2021-04-16
4,1,2021-04-17
5,1,2021-04-18
6,1,2021-04-19
7,1,2021-04-20
8,1,2021-04-21
9,1,2021-04-22
10,1,2021-04-23
11,1,2021-04-24
12,1,2021-04-25
13,1,2021-04-26
14,1,2021-04-27
15,1,2021-04-28
16,1,2021-04-29
17,1,2021-04-30
18,1,2021-05-01
19,1,2021-05-02
20,1,2021-05-03
21,1,2021-05-04
22,1,2021-05-05
23,1,2021-05-06
24,1,2021-05-07
25,1,2021-05-08
26,1,2021-05-09
27,1,2021-05-10
28,1,2021-05-11
29,1,2021-05-12
30,1,2018-05-16
31,1,2018-05-17
32,1,2018-05-18
33,1,2018-05-19
34,1,2018-05-20
35,1,2018-05-21
36,1,2018-05-22
37,1,2018-05-23
38,1,2018-05-24
39,1,2018-05-25
40,1,2018-05-26
41,1,2018-05-27
42,1,2018-05-28
43,1,2018-05-29
44,1,2018-05-30
45,1,2018-05-31
46,1,2018-06-01
47,1,2018-06-02
48,1,2018-06-03
49,1,2018-06-04
50,1,2018-06-05
51,1,2018-06-06
52,1,2018-06-07
53,1,2018-06-08
54,1,2018-06-09
55,1,2018-06-10
56,1,2018-06-11
57,1,2018-06-12
58,1,2018-06-13
59,1,2018-06-14
60,1,2015-06-17
61,1,2015-06-18
62,1,2015-06-19
63,1,2015-06-20
64,1,2015-06-21
65,1,2015-06-22
66,1,2015-06-23
67,1,2015-06-24
68,1,2015-06-25
69,1,2015-06-26
70,1,2015-06-27
71,1,2015-06-28
72,1,2015-06-29
73,1,2015-06-30
74,1,2015-07-01
75,1,2015-07-02
76,1,2015-07-03
77,1,2015-07-04
78,1,2015-07-05
79,1,2015-07-06
80,1,2015-07-07
81,1,2015-07-08
82,1,2015-07-09
83,1,2015-07-10
84,1,2015-07-11
85,1,2015-07-12
86,1,2015-07-13
87,1,2015-07-14
88,1,2015-07-15
89,1,2015-07-16
90,1,2011-08-01
91,1,2011-08-02
92,1,2011-08-03
93,1,2011-08-04
94,1,2011-08-05
95,1,2011-08-06
96,1,2011-08-07
97,1,2011-08-08
98,1,2011-08-09
99,1,2011-08-10
100,1,2011-08-11
101,1,2011-08-12
102,1,2011-08-13
103,1,2011-08-14
104,1,2011-08-15
105,1,2011-08-16
106,1,2011-08-17
107,1,2011-08-18
108,1,2011-08-19
109,1,2011-08-20
110,1,2011-08-21
111,1,2011-08-22
112,1,2011-08-23
113,1,2011-08-24
114,1,2011-08-25
115,1,2011-08-26
116,1,2011-08-27
117,1,2011-08-28
118,1,2011-08-29
119,1,2012-07-20
120,1,2012-07-21
121,1,2012-07-22
122,1,2012-07-23
123,1,2012-07-24
124,1,2012-07-25
125,1,2012-07-26
126,1,2012-07-27
127,1,2012-07-28
128,1,2012-07-29
129,1,2012-07-30
130,1,2012-07-31
131,1,2012-08-01
132,1,2012-08-02
133,1,2012-08-03
134,1,2012-08-04
135,1,2012-08-05
136,1,2012-08-06
137,1,2012-08-07
138,1,2012-08-08
139,1,2012-08-09
140,1,2012-08-10
141,1,2012-08-11
142,1,2012-08-12
143,1,2012-08-13
144,1,2012-08-14
145,1,2012-08-15
146,1,2012-08-16
147,1,2012-08-17
148,1,2012-08-18
179,1,2017-05-27
180,1,2017-05-28
181,1,2017-05-29
182,1,2017-05-30
183,1,2017-05-31
184,1,2017-06-01
185,1,2017-06-02
186,1,2017-06-03
187,1,2017-06-04
188,1,2017-06-05
189,1,2017-06-06
190,1,2017-06-07
191,1,2017-06-08
192,1,2017-06-09
193,1,2017-06-10
194,1,2017-06-11
195,1,2017-06-12
196,1,2017-06-13
197,1,2017-06-14
198,1,2017-06-15
199,1,2017-06-16
200,1,2017-06-17
201,1,2017-06-18
202,1,2017-06-19
203,1,2017-06-20
204,1,2017-06-21
205,1,2017-06-22
206,1,2017-06-23
207,1,2017-06-24
208,1,2017-06-25
209,1,2014-06-28
210,1,2014-06-29
211,1,2014-06-30
212,1,2014-07-01
213,1,2014-07-02
214,1,2014-07-03
215,1,2014-07-04
216,1,2014-07-05
217,1,2014-07-06
218,1,2014-07-07
219,1,2014-07-08
220,1,2014-07-09
221,1,2014-07-10
222,1,2014-07-11
223,1,2014-07-12
224,1,2014-07-13
225,1,2014-07-14
226,1,2014-07-15
227,1,2014-07-16
228,1,2014-07-17
229,1,2014-07-18
230,1,2014-07-19
231,1,2014-07-20
232,1,2014-07-21
233,1,2014-07-22
234,1,2014-07-23
235,1,2014-07-24
236,1,2014-07-25
237,1,2014-07-26
238,1,2014-07-27
239,1,2019-05-06
240,1,2019-05-07
241,1,2019-05-08
242,1,2019-05-09
243,1,2019-05-10
244,1,2019-05-11
245,1,2019-05-12
246,1,2019-05-13
247,1,2019-05-14
248,1,2019-05-15
249,1,2019-05-16
250,1,2019-05-17
251,1,2019-05-18
252,1,2019-05-19
253,1,2019-05-20
254,1,2019-05-21
255,1,2019-05-22
256,1,2019-05-23
257,1,2019-05-24
258,1,2019-05-25
259,1,2019-05-26
260,1,2019-05-27
261,1,2019-05-28
262,1,2019-05-29
263,1,2019-05-30
264,1,2019-05-31
265,1,2019-06-01
266,1,2019-06-02
267,1,2019-06-03
268,1,2019-06-04
269,1,2016-06-06
270,1,2016-06-07
271,1,2016-06-08
272,1,2016-06-09
273,1,2016-06-10
274,1,2016-06-11
275,1,2016-06-12
276,1,2016-06-13
277,1,2016-06-14
278,1,2016-06-15
279,1,2016-06-16
280,1,2016-06-17
281,1,2016-06-18
282,1,2016-06-19
283,1,2016-06-20
284,1,2016-06-21
285,1,2016-06-22
286,1,2016-06-23
287,1,2016-06-24
288,1,2016-06-25
289,1,2016-06-26
290,1,2016-06-27
291,1,2016-06-28
292,1,2016-06-29
293,1,2016-06-30
294,1,2016-07-01
295,1,2016-07-02
296,1,2016-07-03
297,1,2016-07-04
298,1,2016-07-05
299,1,2013-07-09
300,1,2013-07-10
301,1,2013-07-11
302,1,2013-07-12
303,1,2013-07-13
304,1,2013-07-14
305,1,2013-07-15
306,1,2013-07-16
307,1,2013-07-17
308,1,2013-07-18
309,1,2013-07-19
310,1,2013-07-20
311,1,2013-07-21
312,1,2013-07-22
313,1,2013-07-23
314,1,2013-07-24
315,1,2013-07-25
316,1,2013-07-26
317,1,2013-07-27
318,1,2013-07-28
319,1,2013-07-29
320,1,2013-07-30
321,1,2013-07-31
322,1,2013-08-01
323,1,2013-08-02
324,1,2013-08-03
325,1,2013-08-04
326,1,2013-08-05
327,1,2013-08-06
328,1,2013-08-07
