datetime,Réel,Prévision,joursem,isoweek
2011-01-03,11127.0,11905.0,0,1
2011-01-04,11800.0,12172.0,1,1
2011-01-06,11723.0,12363.0,3,1
2011-01-07,12320.0,12423.0,4,1
2011-01-10,11281.0,11932.0,0,2
2011-01-11,11883.0,12201.0,1,2
2011-01-13,11967.0,12240.0,3,2
2011-01-14,11957.0,12467.0,4,2
2011-01-17,11490.0,11914.0,0,3
2011-01-18,11996.0,12255.0,1,3
2011-01-20,11930.0,12257.0,3,3
2011-01-21,12062.0,12354.0,4,3
2011-01-24,11565.0,11888.0,0,4
2011-01-25,11973.0,12209.0,1,4
2011-01-27,11839.0,12093.0,3,4
2011-01-28,12001.0,12383.0,4,4
2011-01-31,11304.0,11814.0,0,5
2011-02-01,11723.0,12227.0,1,5
2011-02-03,11757.0,12301.0,3,5
2011-02-04,11932.0,12346.0,4,5
2011-02-07,11437.0,11897.0,0,6
2011-02-08,11928.0,12155.0,1,6
2011-02-11,12184.0,12451.0,4,6
2011-02-14,11579.0,11826.0,0,7
2011-02-15,11947.0,12163.0,1,7
2011-02-17,12135.0,12406.0,3,7
2011-02-18,12265.0,12390.0,4,7
2011-02-21,11466.0,11616.0,0,8
2011-02-22,12184.0,12198.0,1,8
2011-02-24,11886.0,10342.0,3,8
2011-02-25,11966.0,12214.0,4,8
2011-03-14,11702.0,11856.0,0,11
2011-03-15,12080.0,12113.0,1,11
2011-03-17,12258.0,12146.0,3,11
2011-03-18,12684.0,12463.0,4,11
2011-03-21,11863.0,11844.0,0,12
2011-03-22,12231.0,12071.0,1,12
2011-03-24,12538.0,12244.0,3,12
2011-03-25,12500.0,12404.0,4,12
2011-03-28,11451.0,11845.0,0,13
2011-03-29,12174.0,12291.0,1,13
2011-03-31,12326.0,12266.0,3,13
2011-04-01,12425.0,12346.0,4,13
2011-04-04,11660.0,11855.0,0,14
2011-04-05,12258.0,12161.0,1,14
2011-04-07,11962.0,12030.0,3,14
2011-04-08,12128.0,12254.0,4,14
2011-04-11,11780.0,12000.0,0,15
2011-04-12,12307.0,12263.0,1,15
2011-04-14,12216.0,12568.0,3,15
2011-04-15,12533.0,12575.0,4,15
2011-04-18,11693.0,12073.0,0,16
2011-04-19,12504.0,12431.0,1,16
2011-04-21,12296.0,12493.0,3,16
2011-04-22,12220.0,12607.0,4,16
2011-05-09,11743.0,12038.0,0,19
2011-05-10,12399.0,12477.0,1,19
2011-05-12,12312.0,12383.0,3,19
2011-05-13,12071.0,12530.0,4,19
2011-05-16,11730.0,12323.0,0,20
2011-05-17,12478.0,12510.0,1,20
2011-05-19,12203.0,12274.0,3,20
2011-05-20,12292.0,12507.0,4,20
2011-05-23,11546.0,11966.0,0,21
2011-05-24,12173.0,12418.0,1,21
2011-05-26,12120.0,12536.0,3,21
2011-05-27,12152.0,12526.0,4,21
2011-05-30,11658.0,12050.0,0,22
2011-06-01,9995.0,11873.0,2,22
2011-06-06,11151.0,11812.0,0,23
2011-06-07,11821.0,12029.0,1,23
2011-06-09,11650.0,11895.0,3,23
2011-06-10,11442.0,12026.0,4,23
2011-06-14,11684.0,12058.0,1,24
2011-06-16,11684.0,11967.0,3,24
2011-06-17,11903.0,12062.0,4,24
2011-06-20,10883.0,11420.0,0,25
2011-06-21,11143.0,11370.0,1,25
2011-06-23,11612.0,12078.0,3,25
2011-06-24,12157.0,12367.0,4,25
2011-06-27,10320.0,11170.0,0,26
2011-06-28,9850.0,10844.0,1,26
2011-06-30,10501.0,11692.0,3,26
2011-07-01,11226.0,12039.0,4,26
2011-09-06,11792.0,11339.0,1,36
2011-09-08,12083.0,11639.0,3,36
2011-09-09,12312.0,11729.0,4,36
2011-09-12,11696.0,11558.0,0,37
2011-09-13,12225.0,11842.0,1,37
2011-09-15,12173.0,12014.0,3,37
2011-09-16,12534.0,12010.0,4,37
2011-09-19,11596.0,11928.0,0,38
2011-09-20,12305.0,12231.0,1,38
2011-09-22,12154.0,12198.0,3,38
2011-09-23,12481.0,12443.0,4,38
2011-09-26,11738.0,11934.0,0,39
2011-09-29,12303.0,12517.0,3,39
2011-09-30,12602.0,12486.0,4,39
2011-10-03,11782.0,11918.0,0,40
2011-10-04,12396.0,12308.0,1,40
2011-10-06,12445.0,12469.0,3,40
2011-10-07,12595.0,12479.0,4,40
2011-10-10,12063.0,12200.0,0,41
2011-10-13,12309.0,12326.0,3,41
2011-10-14,12724.0,12681.0,4,41
2011-10-17,11787.0,12039.0,0,42
2011-10-18,12292.0,12286.0,1,42
2011-10-20,12244.0,12341.0,3,42
2011-10-21,12527.0,12676.0,4,42
2011-11-03,12235.0,12460.0,3,44
2011-11-04,12680.0,12753.0,4,44
2011-11-07,12046.0,12222.0,0,45
2011-11-08,12790.0,12857.0,1,45
2011-11-10,12350.0,12547.0,3,45
2011-11-14,12037.0,12193.0,0,46
2011-11-15,12401.0,12385.0,1,46
2011-11-17,12300.0,12486.0,3,46
2011-11-18,12553.0,12808.0,4,46
2011-11-21,11860.0,12134.0,0,47
2011-11-22,12400.0,12457.0,1,47
2011-11-24,12309.0,12626.0,3,47
2011-11-25,12662.0,12780.0,4,47
2011-11-28,12038.0,12495.0,0,48
2011-11-29,12345.0,12478.0,1,48
2011-12-01,12466.0,12584.0,3,48
2011-12-02,12561.0,12724.0,4,48
2011-12-05,12001.0,12237.0,0,49
2011-12-06,12551.0,12502.0,1,49
2011-12-08,12371.0,12578.0,3,49
2011-12-09,12755.0,12814.0,4,49
2011-12-12,12596.0,13456.0,0,50
2011-12-16,12663.0,12750.0,4,50
2012-01-03,12134.0,12573.0,1,1
2012-01-05,12448.0,12671.0,3,1
2012-01-06,13147.0,12970.0,4,1
2012-01-09,12166.0,12330.0,0,2
2012-01-10,12512.0,12493.0,1,2
2012-01-12,12714.0,12632.0,3,2
2012-01-13,12931.0,12906.0,4,2
2012-01-16,12083.0,12300.0,0,3
2012-01-17,12546.0,12685.0,1,3
2012-01-19,12500.0,12678.0,3,3
2012-01-20,12908.0,12916.0,4,3
2012-01-23,12071.0,12558.0,0,4
2012-01-24,12790.0,12906.0,1,4
2012-01-26,12516.0,12715.0,3,4
2012-01-27,12784.0,13106.0,4,4
2012-01-30,12037.0,12411.0,0,5
2012-02-02,12093.0,12670.0,3,5
2012-02-03,12667.0,13106.0,4,5
2012-02-06,11843.0,12417.0,0,6
2012-02-07,12443.0,12682.0,1,6
2012-02-09,12231.0,12773.0,3,6
2012-02-10,12446.0,13152.0,4,6
2012-02-27,12022.0,12368.0,0,9
2012-02-28,12613.0,12778.0,1,9
2012-03-01,12555.0,12777.0,3,9
2012-03-02,12793.0,13091.0,4,9
2012-03-05,11977.0,12436.0,0,10
2012-03-06,12477.0,12765.0,1,10
2012-03-08,12446.0,12852.0,3,10
2012-03-09,12852.0,13112.0,4,10
2012-03-12,12059.0,12423.0,0,11
2012-03-13,12414.0,12702.0,1,11
2012-03-15,12385.0,12764.0,3,11
2012-03-16,12781.0,13100.0,4,11
2012-03-19,12056.0,12462.0,0,12
2012-03-20,12043.0,12386.0,1,12
2012-03-22,12071.0,12639.0,3,12
2012-03-23,12519.0,12883.0,4,12
2012-03-26,11919.0,12352.0,0,13
2012-03-27,12466.0,12669.0,1,13
2012-03-29,12127.0,12687.0,3,13
2012-03-30,12639.0,13040.0,4,13
2012-04-02,12178.0,12380.0,0,14
2012-04-03,12598.0,12636.0,1,14
2012-04-05,12600.0,12771.0,3,14
2012-04-06,12643.0,13077.0,4,14
2012-04-23,12194.0,12385.0,0,17
2012-04-24,12614.0,12605.0,1,17
2012-04-26,12683.0,12808.0,3,17
2012-04-27,13100.0,13129.0,4,17
2012-04-30,10794.0,12565.0,0,18
2012-05-03,12750.0,12827.0,3,18
2012-05-04,12735.0,12939.0,4,18
2012-05-07,10901.0,12636.0,0,19
2012-05-10,12507.0,12746.0,3,19
2012-05-11,13008.0,13141.0,4,19
2012-05-14,12234.0,12659.0,0,20
2012-05-15,12482.0,12563.0,1,20
2012-05-16,10534.0,12456.0,2,20
2012-05-21,12067.0,12427.0,0,21
2012-05-22,12477.0,12511.0,1,21
2012-05-24,12476.0,12634.0,3,21
2012-05-25,12961.0,13078.0,4,21
2012-05-29,12332.0,12218.0,1,22
2012-05-31,12396.0,12639.0,3,22
2012-06-01,12867.0,13100.0,4,22
2012-06-04,12004.0,12449.0,0,23
2012-06-05,12515.0,12985.0,1,23
2012-06-07,12464.0,12733.0,3,23
2012-06-08,12973.0,13223.0,4,23
2012-06-11,11952.0,12464.0,0,24
2012-06-12,12238.0,12551.0,1,24
2012-06-14,12478.0,12730.0,3,24
2012-06-15,12547.0,13044.0,4,24
2012-06-18,11456.0,12245.0,0,25
2012-06-19,11849.0,12648.0,1,25
2012-06-21,12028.0,12430.0,3,25
2012-06-22,12402.0,13264.0,4,25
2012-06-25,11472.0,12434.0,0,26
2012-06-26,11441.0,12281.0,1,26
2012-06-28,11708.0,12537.0,3,26
2012-06-29,11983.0,13140.0,4,26
2012-07-02,9767.0,11256.0,0,27
2012-07-03,9702.0,11009.0,1,27
2012-07-05,11361.0,12780.0,3,27
2012-09-04,9469.0,10446.0,1,36
2012-09-06,11854.0,12018.0,3,36
2012-09-07,12361.0,12445.0,4,36
2012-09-10,12072.0,12915.0,0,37
2012-09-11,12292.0,12327.0,1,37
2012-09-13,12330.0,12411.0,3,37
2012-09-14,12661.0,12799.0,4,37
2012-09-17,11880.0,12275.0,0,38
2012-09-18,12662.0,12848.0,1,38
2012-09-20,12169.0,12598.0,3,38
2012-09-21,12627.0,12932.0,4,38
2012-09-24,12242.0,12653.0,0,39
2012-09-25,12419.0,12661.0,1,39
2012-09-27,12455.0,12704.0,3,39
2012-09-28,12613.0,12903.0,4,39
2012-10-01,12124.0,12564.0,0,40
2012-10-02,12527.0,12833.0,1,40
2012-10-04,12987.0,13096.0,3,40
2012-10-05,12789.0,13009.0,4,40
2012-10-08,12554.0,12724.0,0,41
2012-10-09,12571.0,12722.0,1,41
2012-10-11,12574.0,12797.0,3,41
2012-10-12,12960.0,13075.0,4,41
2012-10-15,12114.0,12541.0,0,42
2012-10-16,12473.0,12835.0,1,42
2012-10-18,12609.0,12799.0,3,42
2012-10-19,13036.0,13069.0,4,42
2012-10-22,12048.0,12458.0,0,43
2012-10-23,12924.0,13056.0,1,43
2012-10-25,12458.0,12961.0,3,43
2012-10-26,11594.0,13068.0,4,43
2012-11-12,12358.0,12552.0,0,46
2012-11-13,13183.0,13031.0,1,46
2012-11-15,12728.0,12828.0,3,46
2012-11-16,13212.0,13156.0,4,46
2012-11-19,12612.0,12765.0,0,47
2012-11-20,12439.0,12680.0,1,47
2012-11-22,12804.0,12886.0,3,47
2012-11-23,12854.0,13023.0,4,47
2012-11-26,12233.0,12541.0,0,48
2012-11-27,12639.0,12806.0,1,48
2012-11-29,13005.0,13140.0,3,48
2012-11-30,12787.0,13065.0,4,48
2012-12-03,12575.0,13056.0,0,49
2012-12-04,12398.0,12954.0,1,49
2012-12-06,12441.0,12959.0,3,49
2012-12-07,12730.0,13275.0,4,49
2012-12-10,12133.0,12742.0,0,50
2012-12-11,12418.0,12847.0,1,50
2012-12-13,12409.0,12981.0,3,50
2012-12-14,12626.0,13184.0,4,50
2012-12-17,11856.0,12699.0,0,51
2012-12-18,12816.0,13222.0,1,51
2012-12-20,13406.0,14038.0,3,51
2012-12-21,12311.0,13019.0,4,51
2013-01-07,12414.0,13090.0,0,2
2013-01-08,12967.0,13506.0,1,2
2013-01-10,13021.0,13422.0,3,2
2013-01-11,13414.0,13662.0,4,2
2013-01-14,12954.0,13324.0,0,3
2013-01-15,12805.0,13254.0,1,3
2013-01-17,12778.0,13401.0,3,3
2013-01-18,12200.0,13549.0,4,3
2013-01-21,12248.0,13063.0,0,4
2013-01-22,12586.0,13315.0,1,4
2013-01-24,13087.0,13764.0,3,4
2013-01-25,13093.0,13617.0,4,4
2013-01-28,12236.0,13040.0,0,5
2013-01-29,12403.0,13296.0,1,5
2013-02-01,12857.0,13618.0,4,5
2013-02-04,12176.0,13008.0,0,6
2013-02-05,12680.0,13287.0,1,6
2013-02-07,12651.0,13407.0,3,6
2013-02-08,12721.0,13374.0,4,6
2013-02-11,12470.0,13002.0,0,7
2013-02-14,12866.0,13279.0,3,7
2013-02-15,12491.0,13518.0,4,7
2013-02-18,12443.0,12917.0,0,8
2013-02-19,12852.0,13262.0,1,8
2013-02-21,12924.0,13411.0,3,8
2013-02-22,12990.0,13597.0,4,8
2013-03-11,12580.0,12869.0,0,11
2013-03-12,13011.0,13130.0,1,11
2013-03-14,12855.0,13291.0,3,11
2013-03-15,13234.0,13415.0,4,11
2013-03-18,12717.0,13027.0,0,12
2013-03-19,13405.0,13485.0,1,12
2013-03-21,13002.0,13282.0,3,12
2013-03-22,13353.0,13523.0,4,12
2013-03-25,12257.0,12834.0,0,13
2013-04-02,12629.0,13075.0,1,14
2013-04-03,10834.0,13323.0,2,14
2013-04-04,12753.0,13336.0,3,14
2013-04-05,13485.0,13779.0,4,14
2013-04-08,12409.0,12905.0,0,15
2013-04-09,10444.0,11213.0,1,15
2013-04-11,13294.0,13573.0,3,15
2013-04-12,12636.0,13268.0,4,15
2013-04-15,12491.0,12983.0,0,16
2013-04-16,12951.0,13325.0,1,16
2013-04-18,12937.0,13389.0,3,16
2013-04-19,13267.0,13637.0,4,16
2013-05-06,12301.0,13116.0,0,19
2013-05-07,12429.0,13362.0,1,19
2013-05-13,12763.0,13132.0,0,20
2013-05-14,13126.0,13409.0,1,20
2013-05-16,13462.0,13797.0,3,20
2013-05-17,13242.0,13472.0,4,20
2013-05-21,12712.0,13272.0,1,21
2013-05-22,10794.0,12984.0,2,21
2013-05-23,12833.0,13359.0,3,21
2013-05-24,13378.0,13818.0,4,21
2013-05-27,12495.0,13097.0,0,22
2013-05-28,13307.0,13684.0,1,22
2013-05-30,12665.0,13318.0,3,22
2013-05-31,12921.0,13549.0,4,22
2013-06-03,11932.0,13057.0,0,23
2013-06-04,11851.0,12705.0,1,23
2013-06-06,12292.0,13291.0,3,23
2013-06-07,13193.0,13798.0,4,23
2013-06-10,11750.0,12538.0,0,24
2013-06-11,12444.0,12754.0,1,24
2013-06-13,12581.0,13167.0,3,24
2013-06-14,12702.0,13417.0,4,24
2013-06-17,11905.0,12920.0,0,25
2013-06-18,12497.0,13064.0,1,25
2013-06-20,12424.0,13178.0,3,25
2013-06-21,12422.0,13202.0,4,25
2013-06-24,12014.0,12763.0,0,26
2013-06-25,11973.0,12537.0,1,26
2013-06-27,11506.0,12597.0,3,26
2013-06-28,12163.0,13211.0,4,26
2013-07-01,10685.0,12199.0,0,27
2013-07-02,9610.0,11279.0,1,27
2013-07-04,11173.0,12918.0,3,27
2013-07-05,11381.0,13424.0,4,27
2013-09-03,10435.0,11389.0,1,36
2013-09-05,12566.0,12883.0,3,36
2013-09-06,13002.0,13345.0,4,36
2013-09-09,12591.0,13049.0,0,37
2013-09-12,13151.0,13287.0,3,37
2013-09-13,13239.0,13482.0,4,37
2013-09-16,12571.0,13084.0,0,38
2013-09-17,12915.0,13366.0,1,38
2013-09-19,12965.0,13447.0,3,38
2013-09-20,13331.0,13538.0,4,38
2013-09-23,12625.0,12766.0,0,39
2013-09-24,12983.0,12914.0,1,39
2013-09-26,13073.0,12983.0,3,39
2013-09-27,13487.0,13379.0,4,39
2013-09-30,12608.0,13327.0,0,40
2013-10-01,13454.0,13649.0,1,40
2013-10-03,12989.0,13241.0,3,40
2013-10-04,13440.0,13828.0,4,40
2013-10-07,12485.0,13043.0,0,41
2013-10-08,12889.0,13272.0,1,41
2013-11-04,12572.0,13346.0,0,45
2013-11-05,13013.0,13594.0,1,45
2013-11-07,13237.0,13598.0,3,45
2013-11-08,13563.0,13997.0,4,45
2013-11-12,13018.0,13403.0,1,46
2013-11-21,12993.0,13505.0,3,47
2013-11-22,13344.0,13731.0,4,47
2013-11-25,12563.0,13312.0,0,48
2013-11-28,13022.0,13683.0,3,48
2013-11-29,13521.0,13818.0,4,48
2013-12-02,12619.0,13347.0,0,49
2013-12-03,13041.0,13557.0,1,49
2013-12-09,12927.0,13163.0,0,50
2013-12-10,13551.0,13831.0,1,50
2013-12-12,13174.0,13596.0,3,50
2013-12-13,13348.0,13943.0,4,50
2013-12-16,12611.0,13360.0,0,51
2013-12-17,12981.0,13495.0,1,51
2013-12-19,14076.0,14908.0,3,51
2013-12-20,13415.0,14066.0,4,51
2014-01-06,12799.0,13477.0,0,2
2014-01-07,13147.0,13723.0,1,2
2014-01-10,14053.0,14184.0,4,2
2014-01-13,12929.0,13544.0,0,3
2014-01-14,13677.0,14129.0,1,3
2014-01-16,13472.0,13835.0,3,3
2014-01-17,13518.0,13875.0,4,3
2014-01-20,12697.0,13502.0,0,4
2014-01-21,12956.0,13693.0,1,4
2014-01-23,13138.0,13883.0,3,4
2014-01-24,13548.0,14239.0,4,4
2014-01-27,12757.0,13617.0,0,5
2014-01-28,12978.0,13741.0,1,5
2014-01-30,13243.0,13827.0,3,5
2014-01-31,13330.0,14378.0,4,5
2014-02-03,12627.0,13552.0,0,6
2014-02-04,13009.0,13810.0,1,6
2014-02-07,13494.0,14223.0,4,6
2014-02-10,12687.0,13548.0,0,7
2014-02-11,13061.0,13905.0,1,7
2014-02-13,12998.0,13925.0,3,7
2014-02-14,13445.0,14243.0,4,7
2014-02-17,12658.0,13561.0,0,8
2014-02-18,13392.0,14094.0,1,8
2014-02-20,12894.0,13722.0,3,8
2014-02-21,13066.0,14109.0,4,8
2014-02-25,12978.0,13575.0,1,9
2014-02-27,12848.0,13719.0,3,9
2014-02-28,13438.0,14085.0,4,9
2014-03-17,12717.0,13526.0,0,12
2014-03-20,13323.0,13820.0,3,12
2014-03-21,13862.0,14265.0,4,12
2014-03-24,13025.0,13460.0,0,13
2014-03-25,13803.0,14197.0,1,13
2014-03-27,13195.0,13720.0,3,13
2014-03-28,13563.0,14007.0,4,13
2014-03-31,12741.0,13494.0,0,14
2014-04-01,13151.0,13744.0,1,14
2014-04-03,13364.0,13794.0,3,14
2014-04-04,13696.0,14297.0,4,14
2014-04-07,12822.0,13465.0,0,15
2014-04-08,13204.0,13700.0,1,15
2014-04-10,13680.0,14305.0,3,15
2014-04-11,13605.0,14169.0,4,15
2014-04-14,12709.0,13643.0,0,16
2014-04-15,12977.0,13665.0,1,16
2014-04-17,12916.0,13522.0,3,16
2014-04-18,13143.0,14399.0,4,16
2014-04-22,13101.0,13868.0,1,17
2014-04-23,10835.0,13584.0,2,17
2014-04-24,12936.0,13845.0,3,17
2014-04-25,13436.0,14176.0,4,17
2014-05-12,12895.0,13422.0,0,20
2014-05-13,13231.0,13705.0,1,20
2014-05-16,13602.0,14047.0,4,20
2014-05-19,12884.0,13530.0,0,21
2014-05-20,13189.0,13751.0,1,21
2014-05-22,13062.0,13790.0,3,21
2014-05-23,13736.0,14225.0,4,21
2014-05-26,12551.0,13256.0,0,22
2014-05-27,13631.0,14082.0,1,22
2014-05-28,11279.0,13095.0,2,22
2014-06-02,12780.0,13499.0,0,23
2014-06-03,12710.0,13358.0,1,23
2014-06-05,12902.0,13636.0,3,23
2014-06-06,13350.0,13283.0,4,23
2014-06-10,12735.0,13543.0,1,24
2014-06-11,10501.0,13194.0,2,24
2014-06-12,12673.0,13479.0,3,24
2014-06-13,13164.0,14151.0,4,24
2014-06-16,12350.0,13352.0,0,25
2014-06-17,13157.0,13852.0,1,25
2014-06-19,12344.0,13426.0,3,25
2014-06-20,12717.0,13503.0,4,25
2014-06-23,12163.0,13336.0,0,26
2014-06-24,12588.0,13223.0,1,26
2014-06-26,12068.0,12870.0,3,26
2014-06-27,12817.0,13924.0,4,26
2014-06-30,10489.0,12037.0,0,27
2014-07-01,9692.0,11601.0,1,27
2014-07-03,10954.0,12825.0,3,27
2014-07-04,12256.0,13453.0,4,27
2014-09-02,10383.0,11620.0,1,36
2014-09-04,12851.0,13378.0,3,36
2014-09-05,13336.0,13889.0,4,36
2014-09-08,12942.0,13784.0,0,37
2014-09-09,13092.0,13737.0,1,37
2014-09-11,13161.0,13807.0,3,37
2014-09-12,13538.0,14102.0,4,37
2014-09-15,12670.0,13556.0,0,38
2014-09-16,13242.0,13955.0,1,38
2014-09-18,13238.0,13942.0,3,38
2014-09-19,13592.0,13843.0,4,38
2014-09-22,12785.0,13600.0,0,39
2014-09-23,13668.0,14096.0,1,39
2014-09-25,13328.0,13921.0,3,39
2014-09-26,13825.0,14112.0,4,39
2014-09-29,12764.0,13670.0,0,40
2014-09-30,13237.0,13986.0,1,40
2014-10-02,13424.0,13953.0,3,40
2014-10-03,13889.0,14238.0,4,40
2014-10-06,12601.0,13485.0,0,41
2014-10-07,13376.0,13833.0,1,41
2014-10-09,13256.0,13844.0,3,41
2014-10-10,13703.0,14366.0,4,41
2014-10-13,12880.0,13774.0,0,42
2014-10-14,13503.0,14072.0,1,42
2014-10-16,10412.0,11836.0,3,42
2014-10-17,13753.0,14333.0,4,42
2014-11-03,12943.0,13642.0,0,45
2014-11-04,13459.0,13951.0,1,45
2014-11-06,13310.0,14021.0,3,45
2014-11-07,14095.0,14481.0,4,45
2014-11-10,11569.0,13592.0,0,46
2014-11-13,13370.0,13983.0,3,46
2014-11-14,14141.0,14542.0,4,46
2014-11-17,13059.0,13823.0,0,47
2014-11-18,11188.0,11900.0,1,47
2014-11-20,13305.0,14087.0,3,47
2014-11-21,13814.0,15972.0,4,47
2014-11-24,12942.0,13718.0,0,48
2014-11-25,13452.0,14011.0,1,48
2014-11-27,13210.0,13938.0,3,48
2014-11-28,13880.0,14544.0,4,48
2014-12-01,12895.0,13627.0,0,49
2014-12-02,13858.0,14424.0,1,49
2014-12-04,13241.0,13882.0,3,49
2014-12-05,13713.0,14531.0,4,49
2014-12-08,12796.0,13657.0,0,50
2014-12-09,13133.0,13931.0,1,50
2014-12-11,10653.0,12122.0,3,50
2014-12-12,13956.0,14549.0,4,50
2014-12-15,12990.0,13550.0,0,51
2014-12-16,13761.0,14275.0,1,51
2014-12-18,14572.0,15387.0,3,51
2014-12-19,14059.0,14637.0,4,51
2015-01-05,12883.0,13673.0,0,2
2015-01-06,13181.0,14009.0,1,2
2015-01-08,13131.0,13797.0,3,2
2015-01-09,14513.0,14670.0,4,2
2015-01-12,12898.0,13737.0,0,3
2015-01-13,13900.0,14523.0,1,3
2015-01-15,13318.0,14042.0,3,3
2015-01-16,14009.0,14553.0,4,3
2015-01-19,12586.0,13748.0,0,4
2015-01-20,13066.0,13918.0,1,4
2015-01-22,12802.0,11442.0,3,4
2015-01-23,13681.0,14625.0,4,4
2015-01-26,12356.0,13667.0,0,5
2015-01-27,12746.0,13905.0,1,5
2015-01-29,12722.0,14060.0,3,5
2015-01-30,13231.0,14752.0,4,5
2015-02-02,12345.0,13896.0,0,6
2015-02-03,11812.0,14237.0,1,6
2015-02-05,12689.0,14087.0,3,6
2015-02-06,13106.0,14719.0,4,6
2015-02-23,12970.0,13744.0,0,9
2015-02-24,13825.0,14283.0,1,9
2015-02-26,13499.0,13994.0,3,9
2015-02-27,14116.0,14727.0,4,9
2015-04-02,13004.0,13635.0,3,14
2015-04-03,14021.0,14552.0,4,14
2015-04-07,13210.0,13736.0,1,15
2015-04-10,14141.0,14676.0,4,15
2015-04-27,13150.0,13889.0,0,18
2015-04-28,13627.0,13964.0,1,18
2015-04-30,13532.0,14060.0,3,18
2015-05-04,13126.0,13674.0,0,19
2015-05-05,14063.0,14628.0,1,19
2015-05-07,13451.0,14241.0,3,19
2015-05-11,12775.0,13623.0,0,20
2015-05-12,13400.0,14132.0,1,20
2015-05-13,12035.0,14062.0,2,20
2015-05-18,12840.0,13637.0,0,21
2015-05-19,13364.0,14062.0,1,21
2015-05-21,13438.0,14155.0,3,21
2015-05-22,13782.0,14531.0,4,21
2015-05-26,13376.0,13853.0,1,22
2015-05-28,13870.0,14467.0,3,22
2015-05-29,13906.0,14399.0,4,22
2015-06-02,12703.0,13403.0,1,23
2015-06-04,12965.0,13808.0,3,23
2015-06-05,13834.0,14513.0,4,23
2015-06-15,12435.0,13574.0,0,25
2015-06-16,13442.0,14136.0,1,25
2015-06-18,12739.0,13706.0,3,25
2015-06-22,11939.0,13173.0,0,26
2015-06-23,12212.0,13463.0,1,26
2015-06-25,12128.0,13240.0,3,26
2015-06-26,13167.0,14279.0,4,26
2015-06-30,10332.0,12030.0,1,27
2015-09-01,10791.0,12022.0,1,36
2015-09-03,13066.0,13498.0,3,36
2015-09-04,13758.0,14048.0,4,36
2015-09-07,12789.0,13656.0,0,37
2015-09-08,13821.0,14044.0,1,37
2015-09-10,13643.0,13993.0,3,37
2015-09-11,14099.0,14440.0,4,37
2015-09-14,13158.0,13664.0,0,38
2015-09-15,13292.0,13558.0,1,38
2015-09-17,13560.0,13849.0,3,38
2015-09-18,14271.0,14379.0,4,38
2015-09-21,12969.0,13818.0,0,39
2015-09-22,14024.0,14409.0,1,39
2015-09-24,12820.0,14033.0,3,39
2015-09-25,13970.0,14666.0,4,39
2015-09-28,13216.0,12948.0,0,40
2015-09-29,13536.0,13458.0,1,40
2015-10-01,13543.0,13217.0,3,40
2015-10-02,14449.0,13886.0,4,40
2015-10-05,13216.0,13870.0,0,41
2015-10-06,13540.0,14173.0,1,41
2015-10-09,14628.0,14834.0,4,41
2015-10-12,13323.0,14039.0,0,42
2015-10-13,14214.0,15041.0,1,42
2015-10-15,13601.0,14095.0,3,42
2015-10-16,14197.0,14713.0,4,42
2015-11-02,13252.0,13877.0,0,45
2015-11-03,13827.0,14209.0,1,45
2015-11-05,13779.0,14163.0,3,45
2015-11-06,14801.0,14900.0,4,45
2015-11-09,13267.0,14001.0,0,46
2015-11-10,13776.0,14662.0,1,46
2015-11-12,13463.0,14263.0,3,46
2015-11-13,14415.0,15008.0,4,46
2015-11-16,13231.0,14019.0,0,47
2015-11-17,13585.0,14256.0,1,47
2015-11-19,13789.0,14325.0,3,47
2015-11-20,14486.0,14978.0,4,47
2015-11-23,13166.0,14047.0,0,48
2015-11-24,13478.0,14238.0,1,48
2015-11-26,13496.0,14324.0,3,48
2015-11-27,14337.0,15149.0,4,48
2015-11-30,13273.0,14128.0,0,49
2015-12-01,14245.0,14863.0,1,49
2015-12-03,13674.0,14399.0,3,49
2015-12-04,14497.0,15082.0,4,49
2015-12-07,13278.0,14016.0,0,50
2015-12-08,13703.0,14320.0,1,50
2015-12-10,13749.0,14360.0,3,50
2015-12-11,14325.0,15098.0,4,50
2015-12-14,13381.0,13994.0,0,51
2015-12-15,14363.0,14715.0,1,51
2015-12-17,15162.0,15672.0,3,51
2015-12-18,14431.0,14973.0,4,51
2016-01-04,13276.0,14072.0,0,1
2016-01-05,13666.0,14354.0,1,1
2016-01-07,13795.0,14390.0,3,1
2016-01-08,15057.0,15171.0,4,1
2016-01-11,13436.0,14088.0,0,2
2016-01-12,14386.0,15031.0,1,2
2016-01-14,13755.0,14384.0,3,2
2016-01-15,14429.0,14993.0,4,2
2016-01-18,13195.0,14095.0,0,3
2016-01-19,13445.0,14253.0,1,3
2016-01-21,13727.0,14399.0,3,3
2016-01-22,14421.0,15165.0,4,3
2016-01-25,13196.0,13926.0,0,4
2016-01-28,13625.0,14386.0,3,4
2016-01-29,14426.0,15112.0,4,4
2016-02-01,13110.0,14095.0,0,5
2016-02-02,14031.0,14969.0,1,5
2016-02-04,13022.0,14396.0,3,5
2016-02-05,13503.0,14997.0,4,5
2016-02-22,13057.0,14144.0,0,8
2016-02-23,13505.0,14444.0,1,8
2016-02-25,13719.0,14459.0,3,8
2016-02-26,14329.0,15096.0,4,8
2016-02-29,13030.0,14180.0,0,9
2016-03-01,13992.0,14804.0,1,9
2016-03-03,13363.0,14363.0,3,9
2016-03-04,13878.0,15059.0,4,9
2016-03-07,12846.0,14162.0,0,10
2016-03-08,13118.0,14506.0,1,10
2016-03-10,13203.0,14282.0,3,10
2016-03-11,13863.0,15045.0,4,10
2016-03-14,12635.0,13831.0,0,11
2016-03-15,13220.0,14285.0,1,11
2016-03-17,13263.0,14155.0,3,11
2016-03-18,13874.0,14878.0,4,11
2016-03-21,13159.0,13960.0,0,12
2016-03-22,13292.0,14142.0,1,12
2016-03-25,14364.0,15093.0,4,12
2016-03-29,13504.0,14058.0,1,13
2016-04-01,14368.0,15007.0,4,13
2016-04-18,13199.0,13950.0,0,16
2016-04-19,13640.0,14243.0,1,16
2016-04-21,13560.0,14303.0,3,16
2016-04-22,14450.0,14961.0,4,16
2016-04-25,13273.0,13988.0,0,17
2016-04-26,13743.0,14266.0,1,17
2016-04-29,14569.0,14906.0,4,17
2016-05-02,13211.0,14025.0,0,18
2016-05-03,14465.0,14796.0,1,18
2016-05-09,13256.0,14028.0,0,19
2016-05-10,13482.0,14202.0,1,19
2016-05-13,14656.0,15200.0,4,19
2016-05-20,14558.0,14998.0,4,20
2016-05-23,13327.0,14089.0,0,21
2016-05-24,13594.0,14193.0,1,21
2016-05-27,14678.0,15020.0,4,21
2016-05-30,13267.0,13988.0,0,22
2016-05-31,13443.0,14083.0,1,22
2016-06-03,14329.0,14909.0,4,22
2016-06-06,12912.0,13984.0,0,23
2016-06-07,13907.0,14392.0,1,23
2016-06-10,14298.0,14981.0,4,23
2016-06-13,12971.0,13993.0,0,24
2016-06-17,13447.0,14413.0,4,24
2016-06-20,12447.0,13907.0,0,25
2016-06-21,12532.0,13841.0,1,25
2016-06-24,13217.0,14456.0,4,25
2016-06-27,11873.0,13438.0,0,26
2016-07-01,12092.0,13682.0,4,26
2016-07-04,9749.0,12806.0,0,27
2016-09-01,12134.0,13373.0,3,35
2016-09-02,14433.0,15007.0,4,35
2016-09-05,14727.0,14710.0,0,36
2016-09-06,15707.0,15288.0,1,36
2016-09-08,15111.0,14945.0,3,36
2016-09-09,15607.0,15300.0,4,36
2016-09-12,14124.0,14823.0,0,37
2016-09-13,15052.0,14990.0,1,37
2016-09-16,16057.0,15684.0,4,37
2016-09-19,14820.0,14752.0,0,38
2016-09-20,15831.0,15234.0,1,38
2016-09-22,15304.0,13114.0,3,38
2016-09-23,16140.0,15533.0,4,38
2016-09-26,14788.0,14807.0,0,39
2016-09-27,15083.0,15042.0,1,39
2016-09-29,15290.0,15354.0,3,39
2016-09-30,16424.0,15939.0,4,39
2016-10-03,14703.0,14693.0,0,40
2016-10-04,15325.0,15043.0,1,40
2016-10-06,15346.0,15033.0,3,40
2016-10-07,16288.0,16034.0,4,40
2016-10-10,14650.0,14308.0,0,41
2016-10-11,12665.0,13904.0,1,41
2016-10-13,15515.0,15161.0,3,41
2016-10-14,15937.0,15320.0,4,41
2016-10-17,15025.0,15322.0,0,42
2016-10-18,15038.0,15262.0,1,42
2016-11-03,15260.0,15236.0,3,44
2016-11-04,16415.0,16229.0,4,44
2016-11-07,15094.0,14953.0,0,45
2016-11-08,15577.0,15186.0,1,45
2016-11-10,15637.0,15453.0,3,45
2016-11-14,15075.0,15319.0,0,46
2016-11-15,15288.0,15208.0,1,46
2016-11-17,15381.0,15421.0,3,46
2016-11-18,16452.0,16309.0,4,46
2016-11-21,15262.0,14626.0,0,47
2016-11-22,15300.0,15294.0,1,47
2016-11-24,15420.0,15317.0,3,47
2016-11-25,16297.0,16233.0,4,47
2016-11-28,14866.0,15103.0,0,48
2016-11-29,12964.0,12922.0,1,48
2016-12-01,15416.0,15374.0,3,48
2016-12-02,16031.0,16118.0,4,48
2016-12-05,13608.0,14445.0,0,49
2016-12-08,15264.0,15337.0,3,49
2016-12-09,16274.0,16242.0,4,49
2016-12-12,14721.0,14483.0,0,50
2016-12-13,15188.0,14710.0,1,50
2016-12-15,17074.0,16781.0,3,50
2016-12-16,16118.0,15682.0,4,50
2017-01-03,14621.0,14973.0,1,1
2017-01-05,15006.0,15161.0,3,1
2017-01-06,16328.0,16107.0,4,1
2017-01-09,13311.0,14361.0,0,2
2017-01-10,15506.0,14923.0,1,2
2017-01-12,14976.0,14343.0,3,2
2017-01-13,12547.0,13011.0,4,2
2017-01-16,14302.0,13973.0,0,3
2017-01-17,14346.0,14038.0,1,3
2017-01-19,14522.0,14388.0,3,3
2017-01-20,15263.0,15268.0,4,3
2017-01-23,14262.0,14042.0,0,4
2017-01-24,15139.0,14868.0,1,4
2017-01-26,14547.0,14387.0,3,4
2017-01-27,15299.0,15298.0,4,4
2017-01-30,14555.0,14186.0,0,5
2017-01-31,15417.0,14648.0,1,5
2017-02-02,14804.0,14330.0,3,5
2017-02-03,15625.0,15156.0,4,5
2017-02-06,14662.0,14017.0,0,6
2017-02-07,14954.0,14243.0,1,6
2017-02-09,14831.0,14402.0,3,6
2017-02-10,15827.0,15263.0,4,6
2017-02-27,14817.0,14009.0,0,9
2017-02-28,15420.0,14345.0,1,9
2017-03-02,15296.0,14301.0,3,9
2017-03-03,16236.0,15223.0,4,9
2017-03-06,15039.0,14180.0,0,10
2017-03-07,12050.0,12369.0,1,10
2017-03-09,15088.0,14278.0,3,10
2017-03-10,15879.0,15236.0,4,10
2017-03-13,14601.0,13957.0,0,11
2017-03-14,15052.0,14271.0,1,11
2017-03-16,14992.0,14250.0,3,11
2017-03-17,16180.0,15228.0,4,11
2017-03-20,14777.0,14078.0,0,12
2017-03-21,15960.0,14909.0,1,12
2017-03-23,15085.0,14362.0,3,12
2017-03-24,16028.0,15256.0,4,12
2017-03-27,14706.0,14094.0,0,13
2017-03-28,15122.0,14267.0,1,13
2017-03-30,15000.0,14236.0,3,13
2017-03-31,16028.0,15228.0,4,13
2017-04-03,14875.0,14091.0,0,14
2017-04-04,10705.0,11212.0,1,14
2017-04-06,15204.0,14453.0,3,14
2017-04-07,15829.0,15501.0,4,14
2017-04-24,14721.0,14108.0,0,17
2017-04-25,15793.0,14990.0,1,17
2017-04-27,15298.0,14457.0,3,17
2017-04-28,16029.0,15389.0,4,17
2017-05-02,15114.0,14492.0,1,18
2017-05-04,15142.0,14393.0,3,18
2017-05-05,16249.0,15504.0,4,18
2017-05-09,15105.0,14406.0,1,19
2017-05-11,15145.0,14513.0,3,19
2017-05-12,15593.0,15098.0,4,19
2017-05-15,14812.0,14135.0,0,20
2017-05-16,14830.0,14194.0,1,20
2017-05-18,14384.0,14881.0,3,20
2017-05-22,14621.0,14208.0,0,21
2017-05-23,15020.0,14246.0,1,21
2017-05-29,14760.0,14724.0,0,22
2017-05-30,14786.0,13970.0,1,22
2017-06-01,14717.0,14382.0,3,22
2017-06-02,15658.0,15220.0,4,22
2017-06-06,14875.0,14212.0,1,23
2017-06-08,14934.0,14216.0,3,23
2017-06-09,15855.0,15316.0,4,23
2017-06-12,14400.0,14015.0,0,24
2017-06-13,14628.0,14254.0,1,24
2017-06-15,14468.0,14106.0,3,24
2017-06-16,15179.0,14826.0,4,24
2017-06-19,13891.0,13913.0,0,25
2017-06-20,14567.0,13889.0,1,25
2017-06-22,14036.0,13712.0,3,25
2017-06-23,14610.0,14498.0,4,25
2017-06-27,13573.0,13435.0,1,26
2017-06-29,14075.0,13976.0,3,26
2017-06-30,14632.0,14636.0,4,26
2017-07-03,12868.0,14005.0,0,27
2017-07-04,11601.0,12777.0,1,27
2017-07-06,11939.0,13573.0,3,27
2017-07-07,13578.0,15159.0,4,27
2017-09-04,12326.0,12854.0,0,36
2017-09-05,14550.0,14171.0,1,36
2017-09-07,15244.0,14409.0,3,36
2017-09-08,15813.0,14923.0,4,36
2017-09-11,14764.0,14241.0,0,37
2017-09-14,15327.0,14485.0,3,37
2017-09-15,15943.0,15089.0,4,37
2017-09-18,14804.0,14312.0,0,38
2017-09-19,15028.0,14600.0,1,38
2017-09-22,16162.0,15314.0,4,38
2017-09-25,14695.0,14118.0,0,39
2017-09-26,15216.0,14534.0,1,39
2017-09-28,15148.0,14707.0,3,39
2017-09-29,16144.0,15399.0,4,39
2017-10-02,14938.0,14474.0,0,40
2017-10-03,15895.0,14700.0,1,40
2017-10-05,15463.0,14561.0,3,40
2017-10-06,16331.0,15218.0,4,40
2017-10-09,14973.0,14240.0,0,41
2017-10-12,15452.0,14633.0,3,41
2017-10-13,16450.0,15400.0,4,41
2017-10-16,14948.0,14214.0,0,42
2017-10-17,15460.0,14916.0,1,42
2017-10-20,16213.0,17227.0,4,42
2017-11-06,15002.0,14234.0,0,45
2017-11-07,16165.0,14920.0,1,45
2017-11-09,15498.0,14659.0,3,45
2017-11-10,16018.0,15227.0,4,45
2017-11-13,14996.0,14287.0,0,46
2017-11-14,15314.0,14623.0,1,46
2017-11-17,16552.0,16691.0,4,46
2017-11-20,14918.0,14426.0,0,47
2017-11-21,15953.0,15119.0,1,47
2017-11-23,15401.0,14641.0,3,47
2017-11-24,16311.0,15553.0,4,47
2017-11-27,15146.0,14545.0,0,48
2017-11-28,15268.0,14723.0,1,48
2017-11-30,15436.0,14887.0,3,48
2017-12-01,16260.0,15472.0,4,48
2017-12-04,14932.0,14476.0,0,49
2017-12-05,15274.0,14716.0,1,49
2017-12-07,15309.0,14920.0,3,49
2017-12-08,16501.0,15820.0,4,49
2017-12-11,14606.0,14449.0,0,50
2017-12-12,15653.0,14978.0,1,50
2017-12-14,15098.0,14678.0,3,50
2017-12-15,15787.0,15367.0,4,50
2017-12-18,14750.0,14559.0,0,51
2017-12-19,14761.0,14613.0,1,51
2017-12-21,16209.0,16633.0,3,51
2017-12-22,15435.0,15783.0,4,51
2018-01-08,12727.0,12727.0,0,2
2018-01-09,15263.0,14676.0,1,2
2018-01-11,15700.0,14928.0,3,2
2018-01-12,16502.0,15670.0,4,2
2018-01-15,14953.0,14534.0,0,3
2018-01-16,15952.0,15300.0,1,3
2018-01-18,15409.0,14808.0,3,3
2018-01-19,16097.0,15677.0,4,3
2018-01-22,14987.0,14270.0,0,4
2018-01-23,15087.0,14650.0,1,4
2018-01-25,15264.0,14829.0,3,4
2018-01-26,16194.0,15545.0,4,4
2018-01-29,14981.0,14377.0,0,5
2018-01-30,15931.0,15200.0,1,5
2018-02-01,15250.0,14764.0,3,5
2018-02-02,16535.0,15751.0,4,5
2018-02-05,14924.0,14361.0,0,6
2018-02-06,14902.0,14778.0,1,6
2018-02-08,15182.0,14726.0,3,6
2018-02-09,10192.0,10491.0,4,6
2018-02-13,12861.0,14040.0,1,7
2018-02-15,13923.0,14462.0,3,7
2018-02-16,12873.0,13034.0,4,7
2018-02-19,15645.0,14493.0,0,8
2018-02-20,12724.0,16334.0,1,8
2018-02-22,15170.0,14839.0,3,8
2018-02-23,15651.0,15585.0,4,8
2018-03-12,14849.0,14384.0,0,11
2018-03-13,15898.0,15096.0,1,11
2018-03-15,15354.0,14685.0,3,11
2018-03-16,16358.0,15623.0,4,11
2018-03-19,14982.0,14991.0,0,12
2018-03-20,15432.0,14562.0,1,12
2018-03-23,16076.0,15599.0,4,12
2018-03-26,14647.0,13962.0,0,13
2018-03-27,15952.0,14616.0,1,13
2018-03-29,15256.0,14358.0,3,13
2018-03-30,15780.0,14983.0,4,13
2018-04-03,15077.0,14843.0,1,14
2018-04-05,15443.0,14794.0,3,14
2018-04-09,14873.0,14498.0,0,15
2018-04-10,15926.0,15085.0,1,15
2018-04-12,15562.0,14857.0,3,15
2018-04-13,16010.0,15591.0,4,15
2018-04-16,15218.0,14474.0,0,16
2018-04-17,15231.0,14624.0,1,16
2018-04-20,16347.0,15531.0,4,16
2018-04-23,14509.0,14388.0,0,17
2018-04-24,14655.0,14732.0,1,17
2018-05-14,14204.0,14034.0,0,20
2018-05-15,16099.0,15227.0,1,20
2018-05-17,15222.0,14705.0,3,20
2018-05-18,15830.0,15387.0,4,20
2018-05-24,15382.0,14713.0,3,21
2018-05-25,15571.0,15543.0,4,21
2018-05-28,14548.0,14262.0,0,22
2018-05-29,15001.0,15006.0,1,22
2018-05-31,14930.0,14702.0,3,22
2018-06-01,15567.0,15321.0,4,22
2018-06-04,14826.0,14550.0,0,23
2018-06-05,15931.0,15065.0,1,23
2018-06-07,15167.0,14671.0,3,23
2018-06-08,16136.0,15515.0,4,23
2018-06-11,14558.0,14341.0,0,24
2018-06-12,15001.0,14834.0,1,24
2018-06-14,14955.0,14568.0,3,24
2018-06-15,13572.0,15528.0,4,24
2018-06-18,14358.0,14434.0,0,25
2018-06-19,15513.0,15021.0,1,25
2018-06-21,14697.0,14294.0,3,25
2018-06-22,14842.0,14739.0,4,25
2018-06-25,13984.0,13794.0,0,26
2018-06-26,14009.0,13752.0,1,26
2018-06-28,9875.0,9798.0,3,26
2018-06-29,15045.0,14887.0,4,26
2018-07-02,12737.0,12838.0,0,27
2018-07-03,12107.0,12496.0,1,27
2018-07-05,12266.0,15218.0,3,27
2018-07-06,14324.0,14444.0,4,27
2018-09-03,12546.0,12533.0,0,36
2018-09-04,15163.0,14359.0,1,36
2018-09-06,15385.0,14330.0,3,36
2018-09-07,16037.0,14980.0,4,36
2018-09-10,15108.0,14121.0,0,37
2018-09-11,15473.0,14388.0,1,37
2018-09-13,15381.0,14597.0,3,37
2018-09-14,16165.0,15259.0,4,37
2018-09-17,15212.0,14291.0,0,38
2018-09-18,15492.0,14687.0,1,38
2018-09-20,15583.0,14645.0,3,38
2018-09-21,16254.0,15352.0,4,38
2018-09-24,15327.0,20285.0,0,39
2018-09-25,15469.0,14929.0,1,39
2018-09-27,16155.0,14711.0,3,39
2018-09-28,16347.0,15398.0,4,39
2018-10-01,15386.0,14615.0,0,40
2018-10-02,15601.0,15409.0,1,40
2018-10-04,15594.0,14991.0,3,40
2018-10-05,16393.0,15468.0,4,40
2018-10-08,15535.0,14755.0,0,41
2018-10-11,15788.0,14800.0,3,41
2018-10-12,16400.0,15296.0,4,41
2018-10-15,15314.0,14712.0,0,42
2018-10-18,15497.0,14737.0,3,42
2018-10-19,16416.0,15519.0,4,42
2018-11-05,15296.0,14784.0,0,45
2018-11-06,15712.0,15058.0,1,45
2018-11-08,15918.0,15070.0,3,45
2018-11-09,16768.0,15690.0,4,45
2018-11-12,11840.0,13472.0,0,46
2018-11-13,16167.0,15407.0,1,46
2018-11-15,15750.0,15032.0,3,46
2018-11-16,16381.0,15624.0,4,46
2018-11-19,15320.0,14552.0,0,47
2018-11-20,15555.0,14605.0,1,47
2018-11-22,15003.0,14395.0,3,47
2018-11-23,16261.0,15179.0,4,47
2018-11-26,15117.0,15204.0,0,48
2018-11-27,15036.0,15124.0,1,48
2018-11-29,15094.0,15128.0,3,48
2018-11-30,15704.0,15840.0,4,48
2018-12-03,14246.0,15045.0,0,49
2018-12-04,14416.0,15050.0,1,49
2018-12-06,15167.0,15614.0,3,49
2018-12-07,15242.0,15806.0,4,49
2018-12-10,14756.0,14686.0,0,50
2018-12-11,15401.0,15141.0,1,50
2018-12-13,15348.0,15033.0,3,50
2018-12-17,14932.0,14837.0,0,51
2018-12-18,16105.0,15735.0,1,51
2018-12-20,16746.0,16669.0,3,51
2018-12-21,15454.0,15290.0,4,51
2019-01-07,14942.0,14817.0,0,2
2019-01-08,9727.0,12257.0,1,2
2019-01-10,9543.0,11676.0,3,2
2019-01-11,9567.0,11555.0,4,2
2019-01-14,12926.0,13477.0,0,3
2019-01-15,12410.0,13444.0,1,3
2019-01-17,13023.0,13594.0,3,3
2019-01-18,13014.0,13253.0,4,3
2019-01-21,13028.0,13832.0,0,4
2019-01-22,13564.0,14935.0,1,4
2019-01-24,12970.0,14269.0,3,4
2019-01-25,16099.0,15842.0,4,4
2019-01-28,15040.0,15033.0,0,5
2019-01-29,15313.0,15192.0,1,5
2019-01-31,15206.0,15216.0,3,5
2019-02-01,15819.0,15889.0,4,5
2019-02-04,13128.0,14131.0,0,6
2019-02-07,10669.0,11803.0,3,6
2019-02-08,15382.0,15937.0,4,6
2019-02-25,14601.0,14726.0,0,9
2019-02-26,15945.0,15534.0,1,9
2019-02-28,15144.0,15067.0,3,9
2019-03-01,16161.0,15658.0,4,9
2019-03-04,12985.0,14386.0,0,10
2019-03-05,15316.0,15220.0,1,10
2019-03-07,15415.0,15178.0,3,10
2019-03-08,13711.0,14139.0,4,10
2019-03-11,12253.0,13421.0,0,11
2019-03-12,14970.0,15051.0,1,11
2019-03-14,13544.0,14623.0,3,11
2019-03-15,11636.0,13043.0,4,11
2019-03-18,15027.0,14745.0,0,12
2019-03-21,16405.0,15595.0,3,12
2019-03-22,16291.0,15722.0,4,12
2019-03-25,14774.0,14909.0,0,13
2019-03-26,16371.0,15846.0,1,13
2019-03-28,15087.0,15008.0,3,13
2019-03-29,16313.0,15771.0,4,13
2019-04-01,14876.0,14831.0,0,14
2019-04-02,14021.0,14450.0,1,14
2019-04-04,11023.0,13884.0,3,14
2019-04-05,14057.0,15178.0,4,14
2019-04-23,15279.0,15032.0,1,17
2019-04-25,15639.0,15327.0,3,17
2019-04-26,14892.0,15307.0,4,17
2019-04-29,14916.0,14878.0,0,18
2019-04-30,15768.0,15419.0,1,18
2019-05-02,15305.0,15461.0,3,18
2019-05-03,16150.0,15956.0,4,18
2019-05-06,14930.0,14940.0,0,19
2019-05-07,15957.0,15823.0,1,19
2019-05-10,15657.0,15960.0,4,19
2019-05-13,14856.0,14771.0,0,20
2019-05-14,16128.0,15659.0,1,20
2019-05-16,15073.0,15072.0,3,20
2019-05-17,16120.0,15905.0,4,20
2019-05-20,15206.0,16085.0,0,21
2019-05-21,14919.0,15416.0,1,21
2019-05-23,15546.0,15292.0,3,21
2019-05-24,16416.0,16050.0,4,21
2019-05-27,14770.0,14910.0,0,22
2019-05-28,15398.0,15179.0,1,22
2019-06-03,14672.0,14628.0,0,23
2019-06-06,15157.0,14945.0,3,23
2019-06-07,15813.0,15727.0,4,23
2019-06-11,15901.0,16262.0,1,24
2019-06-13,14965.0,14785.0,3,24
2019-06-14,16059.0,15607.0,4,24
2019-06-17,15257.0,14872.0,0,25
2019-06-18,14804.0,14874.0,1,25
2019-06-20,13940.0,14141.0,3,25
2019-06-21,15108.0,15082.0,4,25
2019-06-24,14649.0,14630.0,0,26
2019-06-25,14611.0,15101.0,1,26
2019-06-27,12307.0,14623.0,3,26
2019-06-28,11824.0,14744.0,4,26
2019-07-01,12957.0,13574.0,0,27
2019-07-02,12146.0,13269.0,1,27
2019-07-04,13075.0,14143.0,3,27
2019-07-05,14282.0,15332.0,4,27
2019-09-02,11770.0,12826.0,0,36
2019-09-03,13817.0,14372.0,1,36
2019-09-05,14353.0,14685.0,3,36
2019-09-06,15260.0,15458.0,4,36
2019-09-09,14467.0,14707.0,0,37
2019-09-10,14851.0,14896.0,1,37
2019-09-12,15195.0,15242.0,3,37
2019-09-13,15629.0,15898.0,4,37
2019-09-16,14809.0,14730.0,0,38
2019-09-17,15663.0,15327.0,1,38
2019-09-19,15217.0,15152.0,3,38
2019-09-20,16126.0,15875.0,4,38
2019-09-23,15449.0,14840.0,0,39
2019-09-26,15593.0,15153.0,3,39
2019-09-27,16446.0,15612.0,4,39
2019-09-30,15423.0,15062.0,0,40
2019-10-01,16339.0,15582.0,1,40
2019-10-03,15685.0,15250.0,3,40
2019-10-04,16585.0,15827.0,4,40
2019-10-07,15713.0,15396.0,0,41
2019-10-08,15783.0,15424.0,1,41
2019-10-10,15685.0,15383.0,3,41
2019-10-11,16813.0,16148.0,4,41
2019-10-14,15444.0,15265.0,0,42
2019-10-15,15485.0,15252.0,1,42
2019-10-17,16004.0,15821.0,3,42
2019-10-18,16224.0,15943.0,4,42
2019-11-04,15798.0,15466.0,0,45
2019-11-05,15615.0,15344.0,1,45
2019-11-07,15664.0,15356.0,3,45
2019-11-08,16733.0,16285.0,4,45
2019-11-12,16187.0,15839.0,1,46
2019-11-14,15687.0,15498.0,3,46
2019-11-15,16743.0,16448.0,4,46
2019-11-18,16040.0,15839.0,0,47
2019-11-19,15644.0,15547.0,1,47
2019-11-21,15389.0,15709.0,3,47
2019-11-22,16041.0,16268.0,4,47
2019-11-25,15939.0,15677.0,0,48
2019-11-26,15441.0,15499.0,1,48
2019-11-28,15653.0,15629.0,3,48
2019-11-29,16411.0,16629.0,4,48
2019-12-02,16002.0,15918.0,0,49
2019-12-03,15638.0,15577.0,1,49
2019-12-09,10952.0,12357.0,0,50
2019-12-13,9899.0,12184.0,4,50
2019-12-16,12797.0,13658.0,0,51
2019-12-19,10230.0,11150.0,3,51
2020-01-06,15803.0,15735.0,0,2
2020-01-07,15644.0,15475.0,1,2
2020-01-10,16506.0,16416.0,4,2
2020-01-13,16231.0,15827.0,0,3
2020-01-14,9493.0,11036.0,1,3
2020-01-17,16266.0,15972.0,4,3
2020-01-20,15956.0,15803.0,0,4
2020-01-21,15561.0,15810.0,1,4
2020-01-23,15190.0,15473.0,3,4
2020-01-27,15960.0,16033.0,0,5
2020-01-28,15353.0,15709.0,1,5
2020-01-30,15316.0,15623.0,3,5
2020-01-31,15488.0,16760.0,4,5
2020-02-03,15752.0,15763.0,0,6
2020-02-04,15371.0,15717.0,1,6
2020-02-07,16243.0,16362.0,4,6
2020-02-10,15612.0,15808.0,0,7
2020-02-11,15267.0,15498.0,1,7
2020-02-13,14946.0,15499.0,3,7
2020-02-14,15693.0,16050.0,4,7
2020-03-02,15220.0,16002.0,0,10
2020-03-03,15061.0,15564.0,1,10
2020-03-05,15175.0,15609.0,3,10
2020-03-06,16078.0,16210.0,4,10
2020-03-09,15685.0,15754.0,0,11
2020-03-10,15394.0,15597.0,1,11
2020-03-12,15516.0,15586.0,3,11
2020-03-13,15867.0,16574.0,4,11
2020-03-16,15760.0,15792.0,0,12
2020-03-17,15658.0,15719.0,1,12
2020-03-19,15629.0,15643.0,3,12
2020-03-20,16157.0,16227.0,4,12
2020-06-22,13530.0,13944.0,0,26
2020-06-23,13666.0,13798.0,1,26
2020-06-25,13793.0,13818.0,3,26
2020-06-26,14216.0,13938.0,4,26
2020-06-29,14042.0,14793.0,0,27
2020-06-30,13717.0,14684.0,1,27
2020-07-02,13496.0,14711.0,3,27
2020-07-03,14264.0,14703.0,4,27
2020-09-01,12297.0,13566.0,1,36
2020-09-03,14897.0,15054.0,3,36
2020-09-04,15802.0,15700.0,4,36
2020-09-07,15294.0,15642.0,0,37
2020-09-08,14460.0,15370.0,1,37
2020-09-10,14004.0,15238.0,3,37
2020-09-11,14633.0,15723.0,4,37
2020-09-14,14849.0,15342.0,0,38
2020-09-15,14323.0,15205.0,1,38
2020-09-18,16107.0,15851.0,4,38
2020-09-21,16106.0,15865.0,0,39
2020-09-22,15667.0,15730.0,1,39
2020-09-24,15771.0,15656.0,3,39
2020-09-25,16876.0,16182.0,4,39
2020-09-28,16330.0,15903.0,0,40
2020-09-29,15706.0,15671.0,1,40
2020-10-01,15847.0,15804.0,3,40
2020-10-02,16771.0,16132.0,4,40
2020-10-05,16119.0,15575.0,0,41
2020-10-06,15276.0,15017.0,1,41
2020-10-08,15382.0,15262.0,3,41
2020-10-09,16408.0,15870.0,4,41
2020-10-12,16236.0,15790.0,0,42
2020-10-13,15252.0,15017.0,1,42
2020-10-15,14978.0,15117.0,3,42
2020-10-16,15948.0,15808.0,4,42
2020-11-02,15423.0,16283.0,0,45
2020-11-03,15117.0,15660.0,1,45
2020-11-05,15163.0,15851.0,3,45
2020-11-06,15891.0,16469.0,4,45
2020-11-09,15688.0,16161.0,0,46
2020-11-10,11151.0,13130.0,1,46
2020-11-12,15109.0,16129.0,3,46
2020-11-13,16166.0,16570.0,4,46
2020-11-16,15961.0,16313.0,0,47
2020-11-17,15213.0,15835.0,1,47
2020-11-19,14724.0,15323.0,3,47
2020-11-20,15584.0,16652.0,4,47
2020-11-23,15594.0,16059.0,0,48
2020-11-24,14838.0,15563.0,1,48
2020-11-27,15788.0,16750.0,4,48
2020-11-30,16252.0,15896.0,0,49
2020-12-01,15438.0,15626.0,1,49
2020-12-04,16226.0,16185.0,4,49
2020-12-07,15860.0,15692.0,0,50
2020-12-08,15488.0,15702.0,1,50
2020-12-10,15155.0,15385.0,3,50
2020-12-11,16029.0,16092.0,4,50
2020-12-14,15943.0,15939.0,0,51
2020-12-15,11050.0,12221.0,1,51
2020-12-17,14822.0,16917.0,3,51
2020-12-18,14185.0,15009.0,4,51
2021-01-04,15677.0,16066.0,0,1
2021-01-05,15254.0,15731.0,1,1
2021-01-07,15721.0,15943.0,3,1
2021-01-08,16390.0,16468.0,4,1
2021-01-11,16128.0,16137.0,0,2
2021-01-12,15448.0,15638.0,1,2
2021-01-14,15713.0,15732.0,3,2
2021-01-15,16395.0,16211.0,4,2
2021-01-18,15923.0,15997.0,0,3
2021-01-19,15553.0,15931.0,1,3
2021-01-22,16375.0,16471.0,4,3
2021-01-25,15950.0,16031.0,0,4
2021-01-28,14809.0,15410.0,3,4
2021-01-29,16011.0,16345.0,4,4
2021-02-01,15797.0,15778.0,0,5
2021-02-02,15273.0,15500.0,1,5
2021-02-05,15935.0,16138.0,4,5
2021-02-08,15030.0,17049.0,0,6
2021-02-09,14344.0,15800.0,1,6
2021-02-11,14223.0,15751.0,3,6
2021-02-12,15038.0,16468.0,4,6
2021-02-15,15291.0,16068.0,0,7
2021-02-16,14349.0,15462.0,1,7
2021-02-18,14504.0,15373.0,3,7
2021-02-19,15385.0,15981.0,4,7
2021-03-08,15422.0,15656.0,0,10
2021-03-09,15241.0,15627.0,1,10
2021-03-11,15035.0,15633.0,3,10
2021-03-12,16232.0,16482.0,4,10
2021-03-15,11163.0,14137.0,0,11
2021-03-16,11249.0,13645.0,1,11
2021-03-18,14650.0,15425.0,3,11
2021-03-19,15969.0,16799.0,4,11
2021-03-22,15296.0,16009.0,0,12
2021-03-23,14935.0,15431.0,1,12
2021-03-26,14815.0,15948.0,4,12
2021-03-29,14939.0,15856.0,0,13
2021-03-30,14182.0,15261.0,1,13
2021-04-01,14116.0,15323.0,3,13
2021-04-02,14031.0,15038.0,4,13
2021-04-26,14395.0,15843.0,0,17
2021-04-27,14027.0,15462.0,1,17
2021-04-29,14145.0,15285.0,3,17
2021-04-30,14509.0,15802.0,4,17
2021-05-03,14472.0,15488.0,0,18
2021-05-04,14416.0,15467.0,1,18
2021-05-06,13894.0,14968.0,3,18
2021-05-07,14782.0,15914.0,4,18
2021-05-10,14954.0,15719.0,0,19
2021-05-17,14578.0,15276.0,0,20
2021-05-18,14681.0,15532.0,1,20
2021-05-20,9440.0,10980.0,3,20
2021-05-21,15303.0,15779.0,4,20
2021-05-25,14882.0,15827.0,1,21
2021-05-27,14305.0,15439.0,3,21
2021-05-31,15264.0,15751.0,0,22
2021-06-01,14912.0,15540.0,1,22
2021-06-03,14338.0,15377.0,3,22
2021-06-04,15186.0,15986.0,4,22
2021-06-07,15086.0,15739.0,0,23
2021-06-08,14587.0,15604.0,1,23
2021-06-10,14571.0,15386.0,3,23
2021-06-11,15502.0,16054.0,4,23
2021-06-14,15002.0,15575.0,0,24
2021-06-15,13944.0,15453.0,1,24
2021-06-17,14406.0,15476.0,3,24
2021-06-18,15230.0,15972.0,4,24
2021-06-21,14560.0,15328.0,0,25
2021-06-22,14711.0,15552.0,1,25
2021-06-24,13666.0,15133.0,3,25
2021-06-25,14557.0,15786.0,4,25
2021-06-28,14871.0,15236.0,0,26
2021-06-29,14606.0,15328.0,1,26
2021-07-01,13105.0,15190.0,3,26
2021-07-02,14123.0,15720.0,4,26
2021-07-05,12866.0,15243.0,0,27
2021-07-06,13636.0,15707.0,1,27
2021-09-02,12384.0,13527.0,3,35
2021-09-03,15032.0,15595.0,4,35
2021-09-06,15565.0,15893.0,0,36
2021-09-07,15695.0,15736.0,1,36
2021-09-09,15181.0,15585.0,3,36
2021-09-10,15769.0,16070.0,4,36
2021-09-13,15665.0,15809.0,0,37
2021-09-14,15692.0,15614.0,1,37
2021-09-16,15278.0,15512.0,3,37
2021-09-17,16224.0,16205.0,4,37
2021-09-20,15658.0,15991.0,0,38
2021-09-21,15495.0,15894.0,1,38
2021-09-24,16034.0,16126.0,4,38
2021-09-27,15738.0,15979.0,0,39
2021-09-28,15496.0,15842.0,1,39
2021-09-30,15327.0,15677.0,3,39
2021-10-01,16388.0,16318.0,4,39
2021-10-04,15798.0,15866.0,0,40
2021-10-07,15844.0,15601.0,3,40
2021-10-08,16336.0,16050.0,4,40
2021-10-11,15689.0,15923.0,0,41
2021-10-12,15782.0,15760.0,1,41
2021-10-14,15292.0,15672.0,3,41
2021-10-15,16246.0,16269.0,4,41
2021-10-18,15689.0,16058.0,0,42
2021-10-19,15452.0,16016.0,1,42
2021-10-21,15147.0,15816.0,3,42
2021-10-22,15724.0,15983.0,4,42
2021-11-08,15550.0,15752.0,0,45
2021-11-09,14910.0,15271.0,1,45
2021-11-12,14083.0,15253.0,4,45
2021-11-15,15601.0,15930.0,0,46
2021-11-18,15124.0,15650.0,3,46
2021-11-22,15076.0,15959.0,0,47
2021-11-23,14342.0,15590.0,1,47
2021-11-25,13828.0,15183.0,3,47
2021-11-26,14998.0,16297.0,4,47
2021-11-29,10290.0,14672.0,0,48
2021-11-30,13453.0,15410.0,1,48
2021-12-02,12556.0,15151.0,3,48
2021-12-03,13264.0,15618.0,4,48
2021-12-06,13509.0,15464.0,0,49
2021-12-07,12780.0,15476.0,1,49
2021-12-09,12319.0,14724.0,3,49
2021-12-13,13568.0,15221.0,0,50
2021-12-16,14229.0,16183.0,3,50
2021-12-17,13315.0,15369.0,4,50
2022-01-03,14150.0,16183.0,0,1
2022-01-04,14103.0,16112.0,1,1
2022-01-06,13237.0,15983.0,3,1
2022-01-07,13370.0,16392.0,4,1
2022-01-10,12330.0,16130.0,0,2
2022-01-11,12224.0,15985.0,1,2
2022-01-14,11646.0,15961.0,4,2
2022-01-17,10555.0,16080.0,0,3
2022-01-18,10548.0,16084.0,1,3
2022-01-20,10056.0,15952.0,3,3
2022-01-21,10369.0,16589.0,4,3
2022-01-24,11405.0,16002.0,0,4
2022-01-25,11138.0,15936.0,1,4
2022-01-28,11454.0,15946.0,4,4
2022-01-31,12003.0,15934.0,0,5
2022-02-01,12524.0,16153.0,1,5
2022-02-03,12505.0,15757.0,3,5
2022-02-04,12754.0,16231.0,4,5
2022-02-21,14101.0,14998.0,0,8
2022-02-22,14422.0,15823.0,1,8
2022-02-24,14657.0,15879.0,3,8
2022-02-25,15042.0,16113.0,4,8
2022-02-28,15551.0,15691.0,0,9
2022-03-01,16013.0,15707.0,1,9
2022-03-03,15811.0,16197.0,3,9
2022-03-04,16278.0,16089.0,4,9
2022-03-07,15415.0,15745.0,0,10
2022-03-08,13737.0,14550.0,1,10
2022-03-10,13328.0,14272.0,3,10
2022-03-11,14399.0,15492.0,4,10
2022-03-14,15622.0,15699.0,0,11
2022-03-15,15455.0,15611.0,1,11
2022-03-18,14940.0,15317.0,4,11
2022-03-21,14957.0,15775.0,0,12
2022-03-22,14485.0,15403.0,1,12
2022-03-24,9654.0,10964.0,3,12
2022-03-25,15098.0,15907.0,4,12
2022-03-28,14800.0,15852.0,0,13
2022-03-29,14816.0,16284.0,1,13
2022-03-31,10592.0,12048.0,3,13
2022-04-01,15273.0,21123.0,4,13
2022-04-04,15050.0,16060.0,0,14
2022-04-05,14855.0,16050.0,1,14
2022-04-07,14367.0,15924.0,3,14
2022-04-08,14404.0,15919.0,4,14
2022-04-25,15945.0,16004.0,0,17
2022-04-26,15950.0,15959.0,1,17
2022-04-28,15921.0,15977.0,3,17
2022-04-29,16155.0,16253.0,4,17
2022-05-02,15924.0,15949.0,0,18
2022-05-03,15801.0,15909.0,1,18
2022-05-05,15600.0,15669.0,3,18
2022-05-06,15984.0,16067.0,4,18
2022-05-09,15801.0,15947.0,0,19
2022-05-10,15853.0,15853.0,1,19
2022-05-12,15773.0,15798.0,3,19
2022-05-13,16064.0,16097.0,4,19
2022-05-16,15904.0,15904.0,0,20
2022-05-17,15659.0,15659.0,1,20
2022-05-19,15798.0,15798.0,3,20
2022-05-20,15969.0,15969.0,4,20
